/*
SQLyog Professional v13.1.1 (64 bit)
MySQL - 10.4.27-MariaDB : Database - shopfind
*********************************************************************
*/

/*!40101 SET NAMES utf8 */;

/*!40101 SET SQL_MODE=''*/;

/*!40014 SET @OLD_UNIQUE_CHECKS=@@UNIQUE_CHECKS, UNIQUE_CHECKS=0 */;
/*!40014 SET @OLD_FOREIGN_KEY_CHECKS=@@FOREIGN_KEY_CHECKS, FOREIGN_KEY_CHECKS=0 */;
/*!40101 SET @OLD_SQL_MODE=@@SQL_MODE, SQL_MODE='NO_AUTO_VALUE_ON_ZERO' */;
/*!40111 SET @OLD_SQL_NOTES=@@SQL_NOTES, SQL_NOTES=0 */;
CREATE DATABASE /*!32312 IF NOT EXISTS*/`shopfind` /*!40100 DEFAULT CHARACTER SET utf8 COLLATE utf8_general_ci */;

USE `shopfind`;

/*Table structure for table `add_items` */

DROP TABLE IF EXISTS `add_items`;

CREATE TABLE `add_items` (
  `id` int(10) unsigned NOT NULL AUTO_INCREMENT,
  `shop_id` int(11) NOT NULL,
  `add_item_label` varchar(255) DEFAULT NULL,
  `add_item_content` varchar(255) DEFAULT NULL,
  `add_item_role` enum('0','1') DEFAULT NULL,
  `created_at` timestamp NOT NULL DEFAULT current_timestamp(),
  `updated_at` timestamp NULL DEFAULT NULL,
  PRIMARY KEY (`id`)
) ENGINE=InnoDB AUTO_INCREMENT=13 DEFAULT CHARSET=utf8 COLLATE=utf8_general_ci;

/*Data for the table `add_items` */

insert  into `add_items`(`id`,`shop_id`,`add_item_label`,`add_item_content`,`add_item_role`,`created_at`,`updated_at`) values 
(5,3,'swdeqe','qweqwe','1','2024-06-11 02:39:39','2024-06-22 12:24:50'),
(6,4,NULL,NULL,'0','2024-06-18 11:16:46','2024-06-18 11:16:46'),
(7,5,NULL,NULL,'0','2024-06-18 11:17:11','2024-06-18 11:17:11'),
(8,6,NULL,NULL,'0','2024-06-18 11:17:33','2024-06-18 11:17:33'),
(10,8,NULL,NULL,'0','2024-06-18 11:18:17','2024-06-18 11:18:17'),
(11,9,NULL,NULL,'0','2024-06-18 11:18:37','2024-06-18 11:18:37'),
(12,10,NULL,NULL,'0','2024-06-18 11:19:11','2024-06-18 11:19:11');

/*Table structure for table `failed_jobs` */

DROP TABLE IF EXISTS `failed_jobs`;

CREATE TABLE `failed_jobs` (
  `id` bigint(20) unsigned NOT NULL AUTO_INCREMENT,
  `uuid` varchar(255) NOT NULL,
  `connection` text NOT NULL,
  `queue` text NOT NULL,
  `payload` longtext NOT NULL,
  `exception` longtext NOT NULL,
  `failed_at` timestamp NOT NULL DEFAULT current_timestamp(),
  PRIMARY KEY (`id`),
  UNIQUE KEY `failed_jobs_uuid_unique` (`uuid`)
) ENGINE=InnoDB DEFAULT CHARSET=utf8mb4 COLLATE=utf8mb4_unicode_ci;

/*Data for the table `failed_jobs` */

/*Table structure for table `migrations` */

DROP TABLE IF EXISTS `migrations`;

CREATE TABLE `migrations` (
  `id` int(10) unsigned NOT NULL AUTO_INCREMENT,
  `migration` varchar(255) NOT NULL,
  `batch` int(11) NOT NULL,
  PRIMARY KEY (`id`)
) ENGINE=InnoDB AUTO_INCREMENT=5 DEFAULT CHARSET=utf8mb4 COLLATE=utf8mb4_unicode_ci;

/*Data for the table `migrations` */

insert  into `migrations`(`id`,`migration`,`batch`) values 
(1,'2014_10_12_000000_create_users_table',1),
(2,'2014_10_12_100000_create_password_reset_tokens_table',1),
(3,'2019_08_19_000000_create_failed_jobs_table',1),
(4,'2019_12_14_000001_create_personal_access_tokens_table',1);

/*Table structure for table `password_reset_tokens` */

DROP TABLE IF EXISTS `password_reset_tokens`;

CREATE TABLE `password_reset_tokens` (
  `email` varchar(255) NOT NULL,
  `token` varchar(255) NOT NULL,
  `created_at` timestamp NULL DEFAULT NULL,
  PRIMARY KEY (`email`)
) ENGINE=InnoDB DEFAULT CHARSET=utf8mb4 COLLATE=utf8mb4_unicode_ci;

/*Data for the table `password_reset_tokens` */

/*Table structure for table `personal_access_tokens` */

DROP TABLE IF EXISTS `personal_access_tokens`;

CREATE TABLE `personal_access_tokens` (
  `id` bigint(20) unsigned NOT NULL AUTO_INCREMENT,
  `tokenable_type` varchar(255) NOT NULL,
  `tokenable_id` bigint(20) unsigned NOT NULL,
  `name` varchar(255) NOT NULL,
  `token` varchar(64) NOT NULL,
  `abilities` text DEFAULT NULL,
  `last_used_at` timestamp NULL DEFAULT NULL,
  `expires_at` timestamp NULL DEFAULT NULL,
  `created_at` timestamp NULL DEFAULT NULL,
  `updated_at` timestamp NULL DEFAULT NULL,
  PRIMARY KEY (`id`),
  UNIQUE KEY `personal_access_tokens_token_unique` (`token`),
  KEY `personal_access_tokens_tokenable_type_tokenable_id_index` (`tokenable_type`,`tokenable_id`)
) ENGINE=InnoDB DEFAULT CHARSET=utf8mb4 COLLATE=utf8mb4_unicode_ci;

/*Data for the table `personal_access_tokens` */

/*Table structure for table `phone_numbers` */

DROP TABLE IF EXISTS `phone_numbers`;

CREATE TABLE `phone_numbers` (
  `id` int(10) unsigned NOT NULL AUTO_INCREMENT,
  `prefecture_id` int(11) DEFAULT NULL,
  `shop_name` varchar(255) DEFAULT NULL,
  `representative` varchar(255) DEFAULT NULL,
  `phonenumber` varchar(255) DEFAULT NULL,
  `created_at` timestamp NOT NULL DEFAULT current_timestamp(),
  `updated_at` timestamp NULL DEFAULT NULL,
  PRIMARY KEY (`id`)
) ENGINE=InnoDB DEFAULT CHARSET=utf8 COLLATE=utf8_general_ci;

/*Data for the table `phone_numbers` */

/*Table structure for table `shop_back_paies` */

DROP TABLE IF EXISTS `shop_back_paies`;

CREATE TABLE `shop_back_paies` (
  `id` int(10) unsigned NOT NULL AUTO_INCREMENT,
  `shop_id` int(11) NOT NULL,
  `honin_back` varchar(255) DEFAULT NULL,
  `accompanying_customers` varchar(255) DEFAULT NULL,
  `on_site_back` varchar(255) DEFAULT NULL,
  `drink_back` varchar(255) DEFAULT NULL,
  `bottle_champagene_back` varchar(255) DEFAULT NULL,
  `cost_bottle` varchar(255) DEFAULT NULL,
  `created_at` timestamp NOT NULL DEFAULT current_timestamp(),
  `updated_at` timestamp NULL DEFAULT NULL,
  PRIMARY KEY (`id`)
) ENGINE=InnoDB AUTO_INCREMENT=11 DEFAULT CHARSET=utf8 COLLATE=utf8_general_ci;

/*Data for the table `shop_back_paies` */

insert  into `shop_back_paies`(`id`,`shop_id`,`honin_back`,`accompanying_customers`,`on_site_back`,`drink_back`,`bottle_champagene_back`,`cost_bottle`,`created_at`,`updated_at`) values 
(3,3,NULL,NULL,NULL,NULL,NULL,NULL,'2024-06-11 02:39:37','2024-06-11 02:39:37'),
(4,4,NULL,NULL,NULL,NULL,NULL,NULL,'2024-06-18 11:16:46','2024-06-18 11:16:46'),
(5,5,NULL,NULL,NULL,NULL,NULL,NULL,'2024-06-18 11:17:10','2024-06-18 11:17:10'),
(6,6,NULL,NULL,NULL,NULL,NULL,NULL,'2024-06-18 11:17:32','2024-06-18 11:17:32'),
(8,8,NULL,NULL,NULL,NULL,NULL,NULL,'2024-06-18 11:18:16','2024-06-18 11:18:16'),
(9,9,NULL,NULL,NULL,NULL,NULL,NULL,'2024-06-18 11:18:36','2024-06-18 11:18:36'),
(10,10,NULL,NULL,NULL,NULL,NULL,NULL,'2024-06-18 11:19:10','2024-06-18 11:19:10');

/*Table structure for table `shop_back_pay_roles` */

DROP TABLE IF EXISTS `shop_back_pay_roles`;

CREATE TABLE `shop_back_pay_roles` (
  `id` int(10) unsigned NOT NULL AUTO_INCREMENT,
  `shop_back_id` int(11) NOT NULL,
  `honin_back_role` enum('0','1') NOT NULL,
  `accompanying_customers_role` enum('0','1') NOT NULL,
  `on_site_back_role` enum('0','1') NOT NULL,
  `drink_back_role` enum('0','1') NOT NULL,
  `bottle_champagene_back_role` enum('0','1') NOT NULL,
  `cost_bottle_role` enum('0','1') NOT NULL,
  `created_at` timestamp NOT NULL DEFAULT current_timestamp(),
  `updated_at` timestamp NULL DEFAULT NULL,
  PRIMARY KEY (`id`)
) ENGINE=InnoDB AUTO_INCREMENT=11 DEFAULT CHARSET=utf8 COLLATE=utf8_general_ci;

/*Data for the table `shop_back_pay_roles` */

insert  into `shop_back_pay_roles`(`id`,`shop_back_id`,`honin_back_role`,`accompanying_customers_role`,`on_site_back_role`,`drink_back_role`,`bottle_champagene_back_role`,`cost_bottle_role`,`created_at`,`updated_at`) values 
(3,3,'0','0','0','0','0','0','2024-06-11 02:39:38','2024-06-11 02:39:38'),
(4,4,'0','0','0','0','0','0','2024-06-18 11:16:46','2024-06-18 11:16:46'),
(5,5,'0','0','0','0','0','0','2024-06-18 11:17:10','2024-06-18 11:17:10'),
(6,6,'0','0','0','0','0','0','2024-06-18 11:17:32','2024-06-18 11:17:32'),
(8,8,'0','0','0','0','0','0','2024-06-18 11:18:17','2024-06-18 11:18:17'),
(9,9,'0','0','0','0','0','0','2024-06-18 11:18:36','2024-06-18 11:18:36'),
(10,10,'0','0','0','0','0','0','2024-06-18 11:19:10','2024-06-18 11:19:10');

/*Table structure for table `shop_categories` */

DROP TABLE IF EXISTS `shop_categories`;

CREATE TABLE `shop_categories` (
  `id` int(10) unsigned NOT NULL AUTO_INCREMENT,
  `name` varchar(255) NOT NULL,
  `created_at` timestamp NOT NULL DEFAULT current_timestamp() ON UPDATE current_timestamp(),
  `updated_at` timestamp NULL DEFAULT NULL,
  PRIMARY KEY (`id`)
) ENGINE=InnoDB AUTO_INCREMENT=16 DEFAULT CHARSET=utf8 COLLATE=utf8_general_ci;

/*Data for the table `shop_categories` */

insert  into `shop_categories`(`id`,`name`,`created_at`,`updated_at`) values 
(8,'クラブ','2024-06-08 23:22:30','2024-06-08 23:22:30'),
(9,'キャバクラ','2024-05-16 18:36:01','2024-05-16 18:36:01'),
(10,'ラウンジ','2024-05-16 18:36:08','2024-05-16 18:36:08');

/*Table structure for table `shop_deducte_roles` */

DROP TABLE IF EXISTS `shop_deducte_roles`;

CREATE TABLE `shop_deducte_roles` (
  `id` int(10) unsigned NOT NULL AUTO_INCREMENT,
  `shop_deducte_id` int(11) NOT NULL,
  `income_tax_role` enum('0','1') NOT NULL,
  `welfare_expense_role` enum('0','1') NOT NULL,
  `cost_hair_role` enum('0','1') NOT NULL,
  `costume_rental_fee_role` enum('0','1') NOT NULL,
  `created_at` timestamp NOT NULL DEFAULT current_timestamp(),
  `updated_at` timestamp NULL DEFAULT NULL,
  PRIMARY KEY (`id`)
) ENGINE=InnoDB AUTO_INCREMENT=11 DEFAULT CHARSET=utf8 COLLATE=utf8_general_ci;

/*Data for the table `shop_deducte_roles` */

insert  into `shop_deducte_roles`(`id`,`shop_deducte_id`,`income_tax_role`,`welfare_expense_role`,`cost_hair_role`,`costume_rental_fee_role`,`created_at`,`updated_at`) values 
(3,3,'0','0','0','0','2024-06-11 02:39:38','2024-06-11 02:39:38'),
(4,4,'0','0','0','0','2024-06-18 11:16:46','2024-06-18 11:16:46'),
(5,5,'0','0','0','0','2024-06-18 11:17:10','2024-06-18 11:17:10'),
(6,6,'0','0','0','0','2024-06-18 11:17:32','2024-06-18 11:17:32'),
(8,8,'0','0','0','0','2024-06-18 11:18:17','2024-06-18 11:18:17'),
(9,9,'0','0','0','0','2024-06-18 11:18:37','2024-06-18 11:18:37'),
(10,10,'0','0','0','0','2024-06-18 11:19:10','2024-06-18 11:19:10');

/*Table structure for table `shop_deductes` */

DROP TABLE IF EXISTS `shop_deductes`;

CREATE TABLE `shop_deductes` (
  `id` int(10) unsigned NOT NULL AUTO_INCREMENT,
  `shop_id` int(11) NOT NULL,
  `income_tax` varchar(255) DEFAULT NULL,
  `welfare_expense` varchar(255) DEFAULT NULL,
  `cost_hair` varchar(255) DEFAULT NULL,
  `costume_rental_fee` varchar(255) DEFAULT NULL,
  `created_at` timestamp NOT NULL DEFAULT current_timestamp(),
  `updated_at` timestamp NULL DEFAULT NULL,
  PRIMARY KEY (`id`)
) ENGINE=InnoDB AUTO_INCREMENT=11 DEFAULT CHARSET=utf8 COLLATE=utf8_general_ci;

/*Data for the table `shop_deductes` */

insert  into `shop_deductes`(`id`,`shop_id`,`income_tax`,`welfare_expense`,`cost_hair`,`costume_rental_fee`,`created_at`,`updated_at`) values 
(3,3,NULL,NULL,NULL,NULL,'2024-06-11 02:39:38','2024-06-11 02:39:38'),
(4,4,NULL,NULL,NULL,NULL,'2024-06-18 11:16:46','2024-06-18 11:16:46'),
(5,5,NULL,NULL,NULL,NULL,'2024-06-18 11:17:10','2024-06-18 11:17:10'),
(6,6,NULL,NULL,NULL,NULL,'2024-06-18 11:17:32','2024-06-18 11:17:32'),
(8,8,NULL,NULL,NULL,NULL,'2024-06-18 11:18:17','2024-06-18 11:18:17'),
(9,9,NULL,NULL,NULL,NULL,'2024-06-18 11:18:36','2024-06-18 11:18:36'),
(10,10,NULL,NULL,NULL,NULL,'2024-06-18 11:19:10','2024-06-18 11:19:10');

/*Table structure for table `shop_images` */

DROP TABLE IF EXISTS `shop_images`;

CREATE TABLE `shop_images` (
  `id` int(10) unsigned NOT NULL AUTO_INCREMENT,
  `shop_id` int(11) NOT NULL,
  `image` text DEFAULT NULL,
  `created_at` timestamp NOT NULL DEFAULT current_timestamp(),
  `updated_at` timestamp NULL DEFAULT NULL,
  PRIMARY KEY (`id`)
) ENGINE=InnoDB AUTO_INCREMENT=16 DEFAULT CHARSET=utf8 COLLATE=utf8_general_ci;

/*Data for the table `shop_images` */

insert  into `shop_images`(`id`,`shop_id`,`image`,`created_at`,`updated_at`) values 
(7,3,'uploads/all/店名1/202406131914381.jpg','2024-06-13 19:14:38','2024-06-13 19:14:38'),
(8,3,'uploads/all/店名1/202406131914512.jpg','2024-06-13 19:14:51','2024-06-13 19:14:51'),
(9,4,'uploads/all/123/202406181116461.png','2024-06-18 11:16:46','2024-06-18 11:16:46'),
(10,5,'uploads/all/4/202406181117101.png','2024-06-18 11:17:10','2024-06-18 11:17:10'),
(12,8,'uploads/all/ad/202406181118161.jpg','2024-06-18 11:18:16','2024-06-18 11:18:16'),
(13,9,'uploads/all/aaaaaaa/202406181118361.jpg','2024-06-18 11:18:36','2024-06-18 11:18:36'),
(14,10,'uploads/all/都道府県都道府県/202406181119101.png','2024-06-18 11:19:10','2024-06-18 11:19:10'),
(15,6,'uploads/all/店名店名店名/202406231555321.jpg','2024-06-23 15:55:32','2024-06-23 15:55:32');

/*Table structure for table `shop_other_role` */

DROP TABLE IF EXISTS `shop_other_role`;

CREATE TABLE `shop_other_role` (
  `id` int(10) unsigned NOT NULL AUTO_INCREMENT,
  `shop_other_id` int(11) NOT NULL,
  `clientele_role` enum('0','1') NOT NULL,
  `dormitory_role` enum('0','1') NOT NULL,
  `shop_pr_role` enum('0','1') NOT NULL,
  `created_at` timestamp NOT NULL DEFAULT current_timestamp(),
  `updated_at` timestamp NULL DEFAULT NULL,
  PRIMARY KEY (`id`)
) ENGINE=InnoDB AUTO_INCREMENT=11 DEFAULT CHARSET=utf8 COLLATE=utf8_general_ci;

/*Data for the table `shop_other_role` */

insert  into `shop_other_role`(`id`,`shop_other_id`,`clientele_role`,`dormitory_role`,`shop_pr_role`,`created_at`,`updated_at`) values 
(3,3,'0','0','0','2024-06-11 02:39:39','2024-06-11 02:39:39'),
(4,4,'0','0','0','2024-06-18 11:16:46','2024-06-18 11:16:46'),
(5,5,'0','0','0','2024-06-18 11:17:11','2024-06-18 11:17:11'),
(6,6,'0','0','0','2024-06-18 11:17:33','2024-06-18 11:17:33'),
(8,8,'0','0','0','2024-06-18 11:18:17','2024-06-18 11:18:17'),
(9,9,'0','0','0','2024-06-18 11:18:37','2024-06-18 11:18:37'),
(10,10,'0','0','0','2024-06-18 11:19:11','2024-06-18 11:19:11');

/*Table structure for table `shop_others` */

DROP TABLE IF EXISTS `shop_others`;

CREATE TABLE `shop_others` (
  `id` int(10) unsigned NOT NULL AUTO_INCREMENT,
  `shop_id` int(11) NOT NULL,
  `clientele` varchar(255) DEFAULT NULL,
  `dormitory` varchar(255) DEFAULT NULL,
  `shop_pr` varchar(255) DEFAULT NULL,
  `created_at` timestamp NOT NULL DEFAULT current_timestamp(),
  `updated_at` timestamp NULL DEFAULT NULL,
  PRIMARY KEY (`id`)
) ENGINE=InnoDB AUTO_INCREMENT=11 DEFAULT CHARSET=utf8 COLLATE=utf8_general_ci;

/*Data for the table `shop_others` */

insert  into `shop_others`(`id`,`shop_id`,`clientele`,`dormitory`,`shop_pr`,`created_at`,`updated_at`) values 
(3,3,NULL,NULL,NULL,'2024-06-11 02:39:38','2024-06-11 02:39:38'),
(4,4,NULL,NULL,NULL,'2024-06-18 11:16:46','2024-06-18 11:16:46'),
(5,5,NULL,NULL,NULL,'2024-06-18 11:17:11','2024-06-18 11:17:11'),
(6,6,NULL,NULL,NULL,'2024-06-18 11:17:33','2024-06-18 11:17:33'),
(8,8,NULL,NULL,NULL,'2024-06-18 11:18:17','2024-06-18 11:18:17'),
(9,9,NULL,NULL,NULL,'2024-06-18 11:18:37','2024-06-18 11:18:37'),
(10,10,NULL,NULL,NULL,'2024-06-18 11:19:11','2024-06-18 11:19:11');

/*Table structure for table `shop_penalties` */

DROP TABLE IF EXISTS `shop_penalties`;

CREATE TABLE `shop_penalties` (
  `id` int(10) unsigned NOT NULL AUTO_INCREMENT,
  `shop_id` int(11) NOT NULL,
  `quota` varchar(255) DEFAULT NULL,
  `tardiness_penalty` varchar(255) DEFAULT NULL,
  `begin_n_penalty` varchar(255) DEFAULT NULL,
  `show_n_penalty` varchar(255) DEFAULT NULL,
  `created_at` timestamp NOT NULL DEFAULT current_timestamp(),
  `updated_at` timestamp NULL DEFAULT NULL,
  PRIMARY KEY (`id`)
) ENGINE=InnoDB AUTO_INCREMENT=11 DEFAULT CHARSET=utf8 COLLATE=utf8_general_ci;

/*Data for the table `shop_penalties` */

insert  into `shop_penalties`(`id`,`shop_id`,`quota`,`tardiness_penalty`,`begin_n_penalty`,`show_n_penalty`,`created_at`,`updated_at`) values 
(3,3,NULL,NULL,NULL,NULL,'2024-06-11 02:39:38','2024-06-11 02:39:38'),
(4,4,NULL,NULL,NULL,NULL,'2024-06-18 11:16:46','2024-06-18 11:16:46'),
(5,5,NULL,NULL,NULL,NULL,'2024-06-18 11:17:10','2024-06-18 11:17:10'),
(6,6,NULL,NULL,NULL,NULL,'2024-06-18 11:17:32','2024-06-18 11:17:32'),
(8,8,NULL,NULL,NULL,NULL,'2024-06-18 11:18:17','2024-06-18 11:18:17'),
(9,9,NULL,NULL,NULL,NULL,'2024-06-18 11:18:37','2024-06-18 11:18:37'),
(10,10,NULL,NULL,NULL,NULL,'2024-06-18 11:19:10','2024-06-18 11:19:10');

/*Table structure for table `shop_penalty_role` */

DROP TABLE IF EXISTS `shop_penalty_role`;

CREATE TABLE `shop_penalty_role` (
  `id` int(10) unsigned NOT NULL AUTO_INCREMENT,
  `shop_penalty_id` int(11) NOT NULL,
  `quota_role` enum('0','1') NOT NULL,
  `tardiness_penalty_role` enum('0','1') NOT NULL,
  `begin_n_penalty_role` enum('0','1') NOT NULL,
  `show_n_penalty_role` enum('0','1') NOT NULL,
  `created_at` timestamp NOT NULL DEFAULT current_timestamp(),
  `updated_at` timestamp NULL DEFAULT NULL,
  PRIMARY KEY (`id`)
) ENGINE=InnoDB AUTO_INCREMENT=11 DEFAULT CHARSET=utf8 COLLATE=utf8_general_ci;

/*Data for the table `shop_penalty_role` */

insert  into `shop_penalty_role`(`id`,`shop_penalty_id`,`quota_role`,`tardiness_penalty_role`,`begin_n_penalty_role`,`show_n_penalty_role`,`created_at`,`updated_at`) values 
(3,3,'0','0','0','0','2024-06-11 02:39:38','2024-06-11 02:39:38'),
(4,4,'0','0','0','0','2024-06-18 11:16:46','2024-06-18 11:16:46'),
(5,5,'0','0','0','0','2024-06-18 11:17:11','2024-06-18 11:17:11'),
(6,6,'0','0','0','0','2024-06-18 11:17:32','2024-06-18 11:17:32'),
(8,8,'0','0','0','0','2024-06-18 11:18:17','2024-06-18 11:18:17'),
(9,9,'0','0','0','0','2024-06-18 11:18:37','2024-06-18 11:18:37'),
(10,10,'0','0','0','0','2024-06-18 11:19:10','2024-06-18 11:19:10');

/*Table structure for table `shop_roles` */

DROP TABLE IF EXISTS `shop_roles`;

CREATE TABLE `shop_roles` (
  `id` int(10) unsigned NOT NULL AUTO_INCREMENT,
  `shop_id` int(11) NOT NULL,
  `category_id_role` enum('0','1') NOT NULL,
  `name_role` enum('0','1') NOT NULL,
  `prefecture_id_role` enum('0','1') NOT NULL,
  `area_id_role` enum('0','1') NOT NULL,
  `address_role` enum('0','1') NOT NULL,
  `affiliated_stores_role` enum('0','1') NOT NULL,
  `business_time_role` enum('0','1') NOT NULL,
  `identification_role` enum('0','1') NOT NULL,
  `costume_role` enum('0','1') NOT NULL,
  `main_vip_role` enum('0','1') NOT NULL,
  `age_shift_week_role` enum('0','1') NOT NULL,
  `salary_system_role` enum('0','1') NOT NULL,
  `created_at` timestamp NOT NULL DEFAULT current_timestamp() ON UPDATE current_timestamp(),
  `updated_at` timestamp NULL DEFAULT NULL,
  PRIMARY KEY (`id`)
) ENGINE=InnoDB AUTO_INCREMENT=11 DEFAULT CHARSET=utf8 COLLATE=utf8_general_ci;

/*Data for the table `shop_roles` */

insert  into `shop_roles`(`id`,`shop_id`,`category_id_role`,`name_role`,`prefecture_id_role`,`area_id_role`,`address_role`,`affiliated_stores_role`,`business_time_role`,`identification_role`,`costume_role`,`main_vip_role`,`age_shift_week_role`,`salary_system_role`,`created_at`,`updated_at`) values 
(3,3,'0','0','0','0','0','0','0','0','0','0','0','0','2024-06-22 12:16:45','2024-06-22 12:16:45'),
(4,4,'0','0','0','0','0','0','0','0','0','0','0','0','2024-06-18 11:16:45','2024-06-18 11:16:45'),
(5,5,'0','0','0','0','0','0','0','0','0','0','0','0','2024-06-18 11:17:10','2024-06-18 11:17:10'),
(6,6,'0','0','0','0','0','0','0','0','0','0','0','0','2024-06-18 11:17:32','2024-06-18 11:17:32'),
(8,8,'1','0','0','0','0','0','0','0','0','0','0','0','2024-06-18 11:18:16','2024-06-18 11:18:16'),
(9,9,'0','0','0','0','0','0','0','0','0','0','0','0','2024-06-18 11:18:36','2024-06-18 11:18:36'),
(10,10,'0','0','0','0','0','0','0','0','0','0','0','0','2024-06-18 11:19:10','2024-06-18 11:19:10');

/*Table structure for table `shop_transport_role` */

DROP TABLE IF EXISTS `shop_transport_role`;

CREATE TABLE `shop_transport_role` (
  `id` int(10) unsigned NOT NULL AUTO_INCREMENT,
  `shop_transport_id` int(11) NOT NULL,
  `expense_role` enum('0','1') NOT NULL,
  `scope_role` enum('0','1') NOT NULL,
  `time_day_role` enum('0','1') NOT NULL,
  `created_at` timestamp NOT NULL DEFAULT current_timestamp(),
  `updated_at` timestamp NULL DEFAULT NULL,
  PRIMARY KEY (`id`)
) ENGINE=InnoDB AUTO_INCREMENT=11 DEFAULT CHARSET=utf8 COLLATE=utf8_general_ci;

/*Data for the table `shop_transport_role` */

insert  into `shop_transport_role`(`id`,`shop_transport_id`,`expense_role`,`scope_role`,`time_day_role`,`created_at`,`updated_at`) values 
(3,3,'0','0','0','2024-06-11 02:39:38','2024-06-11 02:39:38'),
(4,4,'0','0','0','2024-06-18 11:16:46','2024-06-18 11:16:46'),
(5,5,'0','0','0','2024-06-18 11:17:11','2024-06-18 11:17:11'),
(6,6,'0','0','0','2024-06-18 11:17:32','2024-06-18 11:17:32'),
(8,8,'0','0','0','2024-06-18 11:18:17','2024-06-18 11:18:17'),
(9,9,'0','0','0','2024-06-18 11:18:37','2024-06-18 11:18:37'),
(10,10,'0','0','0','2024-06-18 11:19:10','2024-06-18 11:19:10');

/*Table structure for table `shop_transports` */

DROP TABLE IF EXISTS `shop_transports`;

CREATE TABLE `shop_transports` (
  `id` int(10) unsigned NOT NULL AUTO_INCREMENT,
  `shop_id` int(11) NOT NULL,
  `expense` varchar(255) DEFAULT NULL,
  `scope` varchar(255) DEFAULT NULL,
  `time_day` varchar(255) DEFAULT NULL,
  `created_at` timestamp NOT NULL DEFAULT current_timestamp(),
  `updated_at` timestamp NULL DEFAULT NULL,
  PRIMARY KEY (`id`)
) ENGINE=InnoDB AUTO_INCREMENT=11 DEFAULT CHARSET=utf8 COLLATE=utf8_general_ci;

/*Data for the table `shop_transports` */

insert  into `shop_transports`(`id`,`shop_id`,`expense`,`scope`,`time_day`,`created_at`,`updated_at`) values 
(3,3,NULL,NULL,NULL,'2024-06-11 02:39:38','2024-06-11 02:39:38'),
(4,4,NULL,NULL,NULL,'2024-06-18 11:16:46','2024-06-18 11:16:46'),
(5,5,NULL,NULL,NULL,'2024-06-18 11:17:11','2024-06-18 11:17:11'),
(6,6,NULL,NULL,NULL,'2024-06-18 11:17:32','2024-06-18 11:17:32'),
(8,8,NULL,NULL,NULL,'2024-06-18 11:18:17','2024-06-18 11:18:17'),
(9,9,NULL,NULL,NULL,'2024-06-18 11:18:37','2024-06-18 11:18:37'),
(10,10,NULL,NULL,NULL,'2024-06-18 11:19:10','2024-06-18 11:19:10');

/*Table structure for table `shops` */

DROP TABLE IF EXISTS `shops`;

CREATE TABLE `shops` (
  `id` int(10) unsigned NOT NULL AUTO_INCREMENT,
  `category_id` int(11) DEFAULT NULL,
  `name` varchar(255) DEFAULT NULL,
  `prefecture_id` int(11) DEFAULT NULL,
  `area_id` int(11) DEFAULT NULL,
  `address` varchar(255) DEFAULT NULL,
  `affiliated_stores` varchar(255) DEFAULT NULL,
  `business_time` varchar(255) DEFAULT NULL,
  `identification` varchar(255) DEFAULT NULL,
  `costume` varchar(255) DEFAULT NULL,
  `main_vip` varchar(255) DEFAULT NULL,
  `age_shift_week` varchar(255) DEFAULT NULL,
  `salary_system` varchar(255) DEFAULT NULL,
  `created_at` timestamp NULL DEFAULT current_timestamp() ON UPDATE current_timestamp(),
  `updated_at` timestamp NULL DEFAULT NULL,
  PRIMARY KEY (`id`)
) ENGINE=InnoDB AUTO_INCREMENT=11 DEFAULT CHARSET=utf8 COLLATE=utf8_general_ci;

/*Data for the table `shops` */

insert  into `shops`(`id`,`category_id`,`name`,`prefecture_id`,`area_id`,`address`,`affiliated_stores`,`business_time`,`identification`,`costume`,`main_vip`,`age_shift_week`,`salary_system`,`created_at`,`updated_at`) values 
(3,9,'店名2',2,189,'店舗住所','asd',NULL,'asd','asd',NULL,NULL,NULL,'2024-06-18 11:24:47','2024-06-18 11:24:47'),
(4,10,'123',2,191,NULL,NULL,NULL,NULL,NULL,NULL,NULL,NULL,'2024-06-18 11:16:45','2024-06-18 11:16:45'),
(5,10,'4',4,265,NULL,NULL,NULL,NULL,NULL,NULL,NULL,NULL,'2024-06-18 11:17:10','2024-06-18 11:17:10'),
(6,9,'店名店名店名',2,189,NULL,NULL,NULL,NULL,NULL,NULL,NULL,NULL,'2024-06-23 15:55:32','2024-06-23 15:55:32'),
(8,9,'ad',3,229,NULL,NULL,NULL,NULL,NULL,NULL,NULL,NULL,'2024-06-18 11:18:16','2024-06-18 11:18:16'),
(9,9,'aaaaaaa',33,1451,NULL,NULL,NULL,NULL,NULL,NULL,NULL,NULL,'2024-06-18 11:18:36','2024-06-18 11:18:36'),
(10,10,'都道府県都道府県',18,860,NULL,NULL,NULL,NULL,NULL,NULL,NULL,NULL,'2024-06-18 11:19:10','2024-06-18 11:19:10');

/*Table structure for table `tbl_city_region` */

DROP TABLE IF EXISTS `tbl_city_region`;

CREATE TABLE `tbl_city_region` (
  `id` int(10) unsigned NOT NULL AUTO_INCREMENT,
  `name` varchar(255) NOT NULL,
  `en_name` varchar(255) DEFAULT NULL,
  `prefecture_id` int(10) unsigned NOT NULL,
  `created_at` timestamp NOT NULL DEFAULT current_timestamp(),
  `updated_at` timestamp NOT NULL DEFAULT current_timestamp() ON UPDATE current_timestamp(),
  PRIMARY KEY (`id`),
  KEY `tbl_city_region_ibfk_1` (`prefecture_id`),
  CONSTRAINT `tbl_city_region_ibfk_1` FOREIGN KEY (`prefecture_id`) REFERENCES `tbl_prefecture_region` (`id`) ON DELETE CASCADE ON UPDATE CASCADE
) ENGINE=InnoDB AUTO_INCREMENT=1899 DEFAULT CHARSET=utf8mb4 COLLATE=utf8mb4_unicode_ci;

/*Data for the table `tbl_city_region` */

insert  into `tbl_city_region`(`id`,`name`,`en_name`,`prefecture_id`,`created_at`,`updated_at`) values 
(1,'札幌市中央区','',1,'2024-05-04 14:26:01','2024-05-16 22:37:41'),
(2,'札幌市北区','',1,'2024-05-04 14:26:01','2024-05-04 14:26:01'),
(3,'札幌市東区','',1,'2024-05-04 14:26:01','2024-05-04 14:26:01'),
(4,'札幌市白石区','',1,'2024-05-04 14:26:01','2024-05-04 14:26:01'),
(5,'札幌市豊平区','',1,'2024-05-04 14:26:01','2024-05-04 14:26:01'),
(6,'札幌市南区','',1,'2024-05-04 14:26:01','2024-05-04 14:26:01'),
(7,'札幌市西区','',1,'2024-05-04 14:26:01','2024-05-04 14:26:01'),
(8,'札幌市厚別区','',1,'2024-05-04 14:26:01','2024-05-04 14:26:01'),
(9,'札幌市手稲区','',1,'2024-05-04 14:26:01','2024-05-04 14:26:01'),
(10,'札幌市清田区','',1,'2024-05-04 14:26:01','2024-05-04 14:26:01'),
(11,'函館市','',1,'2024-05-04 14:26:01','2024-05-04 14:26:01'),
(12,'小樽市','',1,'2024-05-04 14:26:01','2024-05-04 14:26:01'),
(13,'旭川市','',1,'2024-05-04 14:26:01','2024-05-04 14:26:01'),
(14,'室蘭市','',1,'2024-05-04 14:26:01','2024-05-04 14:26:01'),
(15,'釧路市','',1,'2024-05-04 14:26:01','2024-05-04 14:26:01'),
(16,'帯広市','',1,'2024-05-04 14:26:01','2024-05-04 14:26:01'),
(17,'北見市','',1,'2024-05-04 14:26:01','2024-05-04 14:26:01'),
(18,'夕張市','',1,'2024-05-04 14:26:01','2024-05-04 14:26:01'),
(19,'岩見沢市','',1,'2024-05-04 14:26:01','2024-05-04 14:26:01'),
(20,'網走市','',1,'2024-05-04 14:26:01','2024-05-04 14:26:01'),
(21,'留萌市','',1,'2024-05-04 14:26:01','2024-05-04 14:26:01'),
(22,'苫小牧市','',1,'2024-05-04 14:26:01','2024-05-04 14:26:01'),
(23,'稚内市','',1,'2024-05-04 14:26:01','2024-05-04 14:26:01'),
(24,'美唄市','',1,'2024-05-04 14:26:01','2024-05-04 14:26:01'),
(25,'芦別市','',1,'2024-05-04 14:26:01','2024-05-04 14:26:01'),
(26,'江別市','',1,'2024-05-04 14:26:01','2024-05-04 14:26:01'),
(27,'赤平市','',1,'2024-05-04 14:26:01','2024-05-04 14:26:01'),
(28,'紋別市','',1,'2024-05-04 14:26:01','2024-05-04 14:26:01'),
(29,'士別市','',1,'2024-05-04 14:26:01','2024-05-04 14:26:01'),
(30,'名寄市','',1,'2024-05-04 14:26:01','2024-05-04 14:26:01'),
(31,'三笠市','',1,'2024-05-04 14:26:01','2024-05-04 14:26:01'),
(32,'根室市','',1,'2024-05-04 14:26:01','2024-05-04 14:26:01'),
(33,'千歳市','',1,'2024-05-04 14:26:01','2024-05-04 14:26:01'),
(34,'滝川市','',1,'2024-05-04 14:26:01','2024-05-04 14:26:01'),
(35,'砂川市','',1,'2024-05-04 14:26:01','2024-05-04 14:26:01'),
(36,'歌志内市','',1,'2024-05-04 14:26:01','2024-05-04 14:26:01'),
(37,'深川市','',1,'2024-05-04 14:26:01','2024-05-04 14:26:01'),
(38,'富良野市','',1,'2024-05-04 14:26:01','2024-05-04 14:26:01'),
(39,'登別市','',1,'2024-05-04 14:26:01','2024-05-04 14:26:01'),
(40,'恵庭市','',1,'2024-05-04 14:26:01','2024-05-04 14:26:01'),
(41,'伊達市','',1,'2024-05-04 14:26:01','2024-05-04 14:26:01'),
(42,'北広島市','',1,'2024-05-04 14:26:01','2024-05-04 14:26:01'),
(43,'石狩市','',1,'2024-05-04 14:26:01','2024-05-04 14:26:01'),
(44,'北斗市','',1,'2024-05-04 14:26:01','2024-05-04 14:26:01'),
(45,'石狩郡当別町','',1,'2024-05-04 14:26:01','2024-05-04 14:26:01'),
(46,'石狩郡新篠津村','',1,'2024-05-04 14:26:01','2024-05-04 14:26:01'),
(47,'松前郡松前町','',1,'2024-05-04 14:26:01','2024-05-04 14:26:01'),
(48,'松前郡福島町','',1,'2024-05-04 14:26:01','2024-05-04 14:26:01'),
(49,'上磯郡知内町','',1,'2024-05-04 14:26:01','2024-05-04 14:26:01'),
(50,'上磯郡木古内町','',1,'2024-05-04 14:26:01','2024-05-04 14:26:01'),
(51,'亀田郡七飯町','',1,'2024-05-04 14:26:01','2024-05-04 14:26:01'),
(52,'茅部郡鹿部町','',1,'2024-05-04 14:26:01','2024-05-04 14:26:01'),
(53,'茅部郡森町','',1,'2024-05-04 14:26:01','2024-05-04 14:26:01'),
(54,'二海郡八雲町','',1,'2024-05-04 14:26:01','2024-05-04 14:26:01'),
(55,'山越郡長万部町','',1,'2024-05-04 14:26:01','2024-05-04 14:26:01'),
(56,'檜山郡江差町','',1,'2024-05-04 14:26:01','2024-05-04 14:26:01'),
(57,'檜山郡上ノ国町','',1,'2024-05-04 14:26:01','2024-05-04 14:26:01'),
(58,'檜山郡厚沢部町','',1,'2024-05-04 14:26:01','2024-05-04 14:26:01'),
(59,'爾志郡乙部町','',1,'2024-05-04 14:26:01','2024-05-04 14:26:01'),
(60,'奥尻郡奥尻町','',1,'2024-05-04 14:26:01','2024-05-04 14:26:01'),
(61,'瀬棚郡今金町','',1,'2024-05-04 14:26:01','2024-05-04 14:26:01'),
(62,'久遠郡せたな町','',1,'2024-05-04 14:26:01','2024-05-04 14:26:01'),
(63,'島牧郡島牧村','',1,'2024-05-04 14:26:01','2024-05-04 14:26:01'),
(64,'寿都郡寿都町','',1,'2024-05-04 14:26:01','2024-05-04 14:26:01'),
(65,'寿都郡黒松内町','',1,'2024-05-04 14:26:01','2024-05-04 14:26:01'),
(66,'磯谷郡蘭越町','',1,'2024-05-04 14:26:01','2024-05-04 14:26:01'),
(67,'虻田郡ニセコ町','',1,'2024-05-04 14:26:01','2024-05-04 14:26:01'),
(68,'虻田郡真狩村','',1,'2024-05-04 14:26:01','2024-05-04 14:26:01'),
(69,'虻田郡留寿都村','',1,'2024-05-04 14:26:01','2024-05-04 14:26:01'),
(70,'虻田郡喜茂別町','',1,'2024-05-04 14:26:01','2024-05-04 14:26:01'),
(71,'虻田郡京極町','',1,'2024-05-04 14:26:01','2024-05-04 14:26:01'),
(72,'虻田郡倶知安町','',1,'2024-05-04 14:26:01','2024-05-04 14:26:01'),
(73,'岩内郡共和町','',1,'2024-05-04 14:26:01','2024-05-04 14:26:01'),
(74,'岩内郡岩内町','',1,'2024-05-04 14:26:01','2024-05-04 14:26:01'),
(75,'古宇郡泊村','',1,'2024-05-04 14:26:01','2024-05-04 14:26:01'),
(76,'古宇郡神恵内村','',1,'2024-05-04 14:26:01','2024-05-04 14:26:01'),
(77,'積丹郡積丹町','',1,'2024-05-04 14:26:01','2024-05-04 14:26:01'),
(78,'古平郡古平町','',1,'2024-05-04 14:26:01','2024-05-04 14:26:01'),
(79,'余市郡仁木町','',1,'2024-05-04 14:26:01','2024-05-04 14:26:01'),
(80,'余市郡余市町','',1,'2024-05-04 14:26:01','2024-05-04 14:26:01'),
(81,'余市郡赤井川村','',1,'2024-05-04 14:26:01','2024-05-04 14:26:01'),
(82,'空知郡南幌町','',1,'2024-05-04 14:26:01','2024-05-04 14:26:01'),
(83,'空知郡奈井江町','',1,'2024-05-04 14:26:01','2024-05-04 14:26:01'),
(84,'空知郡上砂川町','',1,'2024-05-04 14:26:01','2024-05-04 14:26:01'),
(85,'夕張郡由仁町','',1,'2024-05-04 14:26:01','2024-05-04 14:26:01'),
(86,'夕張郡長沼町','',1,'2024-05-04 14:26:01','2024-05-04 14:26:01'),
(87,'夕張郡栗山町','',1,'2024-05-04 14:26:01','2024-05-04 14:26:01'),
(88,'樺戸郡月形町','',1,'2024-05-04 14:26:01','2024-05-04 14:26:01'),
(89,'樺戸郡浦臼町','',1,'2024-05-04 14:26:01','2024-05-04 14:26:01'),
(90,'樺戸郡新十津川町','',1,'2024-05-04 14:26:01','2024-05-04 14:26:01'),
(91,'雨竜郡妹背牛町','',1,'2024-05-04 14:26:01','2024-05-04 14:26:01'),
(92,'雨竜郡秩父別町','',1,'2024-05-04 14:26:01','2024-05-04 14:26:01'),
(93,'雨竜郡雨竜町','',1,'2024-05-04 14:26:01','2024-05-04 14:26:01'),
(94,'雨竜郡北竜町','',1,'2024-05-04 14:26:01','2024-05-04 14:26:01'),
(95,'雨竜郡沼田町','',1,'2024-05-04 14:26:01','2024-05-04 14:26:01'),
(96,'上川郡鷹栖町','',1,'2024-05-04 14:26:01','2024-05-04 14:26:01'),
(97,'上川郡東神楽町','',1,'2024-05-04 14:26:01','2024-05-04 14:26:01'),
(98,'上川郡当麻町','',1,'2024-05-04 14:26:01','2024-05-04 14:26:01'),
(99,'上川郡比布町','',1,'2024-05-04 14:26:01','2024-05-04 14:26:01'),
(100,'上川郡愛別町','',1,'2024-05-04 14:26:01','2024-05-04 14:26:01'),
(101,'上川郡上川町','',1,'2024-05-04 14:26:01','2024-05-04 14:26:01'),
(102,'上川郡東川町','',1,'2024-05-04 14:26:01','2024-05-04 14:26:01'),
(103,'上川郡美瑛町','',1,'2024-05-04 14:26:01','2024-05-04 14:26:01'),
(104,'空知郡上富良野町','',1,'2024-05-04 14:26:01','2024-05-04 14:26:01'),
(105,'空知郡中富良野町','',1,'2024-05-04 14:26:01','2024-05-04 14:26:01'),
(106,'空知郡南富良野町','',1,'2024-05-04 14:26:01','2024-05-04 14:26:01'),
(107,'勇払郡占冠村','',1,'2024-05-04 14:26:01','2024-05-04 14:26:01'),
(108,'上川郡和寒町','',1,'2024-05-04 14:26:01','2024-05-04 14:26:01'),
(109,'上川郡剣淵町','',1,'2024-05-04 14:26:01','2024-05-04 14:26:01'),
(110,'上川郡下川町','',1,'2024-05-04 14:26:01','2024-05-04 14:26:01'),
(111,'中川郡美深町','',1,'2024-05-04 14:26:01','2024-05-04 14:26:01'),
(112,'中川郡音威子府村','',1,'2024-05-04 14:26:01','2024-05-04 14:26:01'),
(113,'中川郡中川町','',1,'2024-05-04 14:26:01','2024-05-04 14:26:01'),
(114,'雨竜郡幌加内町','',1,'2024-05-04 14:26:01','2024-05-04 14:26:01'),
(115,'増毛郡増毛町','',1,'2024-05-04 14:26:01','2024-05-04 14:26:01'),
(116,'留萌郡小平町','',1,'2024-05-04 14:26:01','2024-05-04 14:26:01'),
(117,'苫前郡苫前町','',1,'2024-05-04 14:26:01','2024-05-04 14:26:01'),
(118,'苫前郡羽幌町','',1,'2024-05-04 14:26:01','2024-05-04 14:26:01'),
(119,'苫前郡初山別村','',1,'2024-05-04 14:26:01','2024-05-04 14:26:01'),
(120,'天塩郡遠別町','',1,'2024-05-04 14:26:01','2024-05-04 14:26:01'),
(121,'天塩郡天塩町','',1,'2024-05-04 14:26:01','2024-05-04 14:26:01'),
(122,'宗谷郡猿払村','',1,'2024-05-04 14:26:01','2024-05-04 14:26:01'),
(123,'枝幸郡浜頓別町','',1,'2024-05-04 14:26:01','2024-05-04 14:26:01'),
(124,'枝幸郡中頓別町','',1,'2024-05-04 14:26:01','2024-05-04 14:26:01'),
(125,'枝幸郡枝幸町','',1,'2024-05-04 14:26:01','2024-05-04 14:26:01'),
(126,'天塩郡豊富町','',1,'2024-05-04 14:26:01','2024-05-04 14:26:01'),
(127,'礼文郡礼文町','',1,'2024-05-04 14:26:01','2024-05-04 14:26:01'),
(128,'利尻郡利尻町','',1,'2024-05-04 14:26:01','2024-05-04 14:26:01'),
(129,'利尻郡利尻富士町','',1,'2024-05-04 14:26:01','2024-05-04 14:26:01'),
(130,'天塩郡幌延町','',1,'2024-05-04 14:26:01','2024-05-04 14:26:01'),
(131,'網走郡美幌町','',1,'2024-05-04 14:26:01','2024-05-04 14:26:01'),
(132,'網走郡津別町','',1,'2024-05-04 14:26:01','2024-05-04 14:26:01'),
(133,'斜里郡斜里町','',1,'2024-05-04 14:26:01','2024-05-04 14:26:01'),
(134,'斜里郡清里町','',1,'2024-05-04 14:26:01','2024-05-04 14:26:01'),
(135,'斜里郡小清水町','',1,'2024-05-04 14:26:01','2024-05-04 14:26:01'),
(136,'常呂郡訓子府町','',1,'2024-05-04 14:26:01','2024-05-04 14:26:01'),
(137,'常呂郡置戸町','',1,'2024-05-04 14:26:01','2024-05-04 14:26:01'),
(138,'常呂郡佐呂間町','',1,'2024-05-04 14:26:01','2024-05-04 14:26:01'),
(139,'紋別郡遠軽町','',1,'2024-05-04 14:26:01','2024-05-04 14:26:01'),
(140,'紋別郡湧別町','',1,'2024-05-04 14:26:01','2024-05-04 14:26:01'),
(141,'紋別郡滝上町','',1,'2024-05-04 14:26:01','2024-05-04 14:26:01'),
(142,'紋別郡興部町','',1,'2024-05-04 14:26:01','2024-05-04 14:26:01'),
(143,'紋別郡西興部村','',1,'2024-05-04 14:26:01','2024-05-04 14:26:01'),
(144,'紋別郡雄武町','',1,'2024-05-04 14:26:01','2024-05-04 14:26:01'),
(145,'網走郡大空町','',1,'2024-05-04 14:26:01','2024-05-04 14:26:01'),
(146,'虻田郡豊浦町','',1,'2024-05-04 14:26:01','2024-05-04 14:26:01'),
(147,'有珠郡壮瞥町','',1,'2024-05-04 14:26:01','2024-05-04 14:26:01'),
(148,'白老郡白老町','',1,'2024-05-04 14:26:01','2024-05-04 14:26:01'),
(149,'勇払郡厚真町','',1,'2024-05-04 14:26:01','2024-05-04 14:26:01'),
(150,'虻田郡洞爺湖町','',1,'2024-05-04 14:26:01','2024-05-04 14:26:01'),
(151,'勇払郡安平町','',1,'2024-05-04 14:26:01','2024-05-04 14:26:01'),
(152,'勇払郡むかわ町','',1,'2024-05-04 14:26:01','2024-05-04 14:26:01'),
(153,'沙流郡日高町','',1,'2024-05-04 14:26:01','2024-05-04 14:26:01'),
(154,'沙流郡平取町','',1,'2024-05-04 14:26:01','2024-05-04 14:26:01'),
(155,'新冠郡新冠町','',1,'2024-05-04 14:26:01','2024-05-04 14:26:01'),
(156,'浦河郡浦河町','',1,'2024-05-04 14:26:01','2024-05-04 14:26:01'),
(157,'様似郡様似町','',1,'2024-05-04 14:26:01','2024-05-04 14:26:01'),
(158,'幌泉郡えりも町','',1,'2024-05-04 14:26:01','2024-05-04 14:26:01'),
(159,'日高郡新ひだか町','',1,'2024-05-04 14:26:01','2024-05-04 14:26:01'),
(160,'河東郡音更町','',1,'2024-05-04 14:26:01','2024-05-04 14:26:01'),
(161,'河東郡士幌町','',1,'2024-05-04 14:26:01','2024-05-04 14:26:01'),
(162,'河東郡上士幌町','',1,'2024-05-04 14:26:01','2024-05-04 14:26:01'),
(163,'河東郡鹿追町','',1,'2024-05-04 14:26:01','2024-05-04 14:26:01'),
(164,'上川郡新得町','',1,'2024-05-04 14:26:01','2024-05-04 14:26:01'),
(165,'上川郡清水町','',1,'2024-05-04 14:26:01','2024-05-04 14:26:01'),
(166,'河西郡芽室町','',1,'2024-05-04 14:26:01','2024-05-04 14:26:01'),
(167,'河西郡中札内村','',1,'2024-05-04 14:26:01','2024-05-04 14:26:01'),
(168,'河西郡更別村','',1,'2024-05-04 14:26:01','2024-05-04 14:26:01'),
(169,'広尾郡大樹町','',1,'2024-05-04 14:26:01','2024-05-04 14:26:01'),
(170,'広尾郡広尾町','',1,'2024-05-04 14:26:01','2024-05-04 14:26:01'),
(171,'中川郡幕別町','',1,'2024-05-04 14:26:01','2024-05-04 14:26:01'),
(172,'中川郡池田町','',1,'2024-05-04 14:26:01','2024-05-04 14:26:01'),
(173,'中川郡豊頃町','',1,'2024-05-04 14:26:01','2024-05-04 14:26:01'),
(174,'中川郡本別町','',1,'2024-05-04 14:26:01','2024-05-04 14:26:01'),
(175,'足寄郡足寄町','',1,'2024-05-04 14:26:01','2024-05-04 14:26:01'),
(176,'足寄郡陸別町','',1,'2024-05-04 14:26:01','2024-05-04 14:26:01'),
(177,'十勝郡浦幌町','',1,'2024-05-04 14:26:01','2024-05-04 14:26:01'),
(178,'釧路郡釧路町','',1,'2024-05-04 14:26:01','2024-05-04 14:26:01'),
(179,'厚岸郡厚岸町','',1,'2024-05-04 14:26:01','2024-05-04 14:26:01'),
(180,'厚岸郡浜中町','',1,'2024-05-04 14:26:01','2024-05-04 14:26:01'),
(181,'川上郡標茶町','',1,'2024-05-04 14:26:01','2024-05-04 14:26:01'),
(182,'川上郡弟子屈町','',1,'2024-05-04 14:26:01','2024-05-04 14:26:01'),
(183,'阿寒郡鶴居村','',1,'2024-05-04 14:26:01','2024-05-04 14:26:01'),
(184,'白糠郡白糠町','',1,'2024-05-04 14:26:01','2024-05-04 14:26:01'),
(185,'野付郡別海町','',1,'2024-05-04 14:26:01','2024-05-04 14:26:01'),
(186,'標津郡中標津町','',1,'2024-05-04 14:26:01','2024-05-04 14:26:01'),
(187,'標津郡標津町','',1,'2024-05-04 14:26:01','2024-05-04 14:26:01'),
(188,'目梨郡羅臼町','',1,'2024-05-04 14:26:01','2024-05-04 14:26:01'),
(189,'青森市','',2,'2024-05-04 14:26:01','2024-05-04 14:26:01'),
(190,'弘前市','',2,'2024-05-04 14:26:01','2024-05-04 14:26:01'),
(191,'八戸市','',2,'2024-05-04 14:26:01','2024-05-04 14:26:01'),
(192,'黒石市','',2,'2024-05-04 14:26:01','2024-05-04 14:26:01'),
(193,'五所川原市','',2,'2024-05-04 14:26:01','2024-05-04 14:26:01'),
(194,'十和田市','',2,'2024-05-04 14:26:01','2024-05-04 14:26:01'),
(195,'三沢市','',2,'2024-05-04 14:26:01','2024-05-04 14:26:01'),
(196,'むつ市','',2,'2024-05-04 14:26:01','2024-05-04 14:26:01'),
(197,'つがる市','',2,'2024-05-04 14:26:01','2024-05-04 14:26:01'),
(198,'平川市','',2,'2024-05-04 14:26:01','2024-05-04 14:26:01'),
(199,'東津軽郡平内町','',2,'2024-05-04 14:26:01','2024-05-04 14:26:01'),
(200,'東津軽郡今別町','',2,'2024-05-04 14:26:01','2024-05-04 14:26:01'),
(201,'東津軽郡蓬田村','',2,'2024-05-04 14:26:01','2024-05-04 14:26:01'),
(202,'東津軽郡外ヶ浜町','',2,'2024-05-04 14:26:01','2024-05-04 14:26:01'),
(203,'西津軽郡鰺ヶ沢町','',2,'2024-05-04 14:26:01','2024-05-04 14:26:01'),
(204,'西津軽郡深浦町','',2,'2024-05-04 14:26:01','2024-05-04 14:26:01'),
(205,'中津軽郡西目屋村','',2,'2024-05-04 14:26:01','2024-05-04 14:26:01'),
(206,'南津軽郡藤崎町','',2,'2024-05-04 14:26:01','2024-05-04 14:26:01'),
(207,'南津軽郡大鰐町','',2,'2024-05-04 14:26:01','2024-05-04 14:26:01'),
(208,'南津軽郡田舎館村','',2,'2024-05-04 14:26:01','2024-05-04 14:26:01'),
(209,'北津軽郡板柳町','',2,'2024-05-04 14:26:01','2024-05-04 14:26:01'),
(210,'北津軽郡鶴田町','',2,'2024-05-04 14:26:01','2024-05-04 14:26:01'),
(211,'北津軽郡中泊町','',2,'2024-05-04 14:26:01','2024-05-04 14:26:01'),
(212,'上北郡野辺地町','',2,'2024-05-04 14:26:01','2024-05-04 14:26:01'),
(213,'上北郡七戸町','',2,'2024-05-04 14:26:01','2024-05-04 14:26:01'),
(214,'上北郡六戸町','',2,'2024-05-04 14:26:01','2024-05-04 14:26:01'),
(215,'上北郡横浜町','',2,'2024-05-04 14:26:01','2024-05-04 14:26:01'),
(216,'上北郡東北町','',2,'2024-05-04 14:26:01','2024-05-04 14:26:01'),
(217,'上北郡六ヶ所村','',2,'2024-05-04 14:26:01','2024-05-04 14:26:01'),
(218,'上北郡おいらせ町','',2,'2024-05-04 14:26:01','2024-05-04 14:26:01'),
(219,'下北郡大間町','',2,'2024-05-04 14:26:01','2024-05-04 14:26:01'),
(220,'下北郡東通村','',2,'2024-05-04 14:26:01','2024-05-04 14:26:01'),
(221,'下北郡風間浦村','',2,'2024-05-04 14:26:01','2024-05-04 14:26:01'),
(222,'下北郡佐井村','',2,'2024-05-04 14:26:01','2024-05-04 14:26:01'),
(223,'三戸郡三戸町','',2,'2024-05-04 14:26:01','2024-05-04 14:26:01'),
(224,'三戸郡五戸町','',2,'2024-05-04 14:26:01','2024-05-04 14:26:01'),
(225,'三戸郡田子町','',2,'2024-05-04 14:26:01','2024-05-04 14:26:01'),
(226,'三戸郡南部町','',2,'2024-05-04 14:26:01','2024-05-04 14:26:01'),
(227,'三戸郡階上町','',2,'2024-05-04 14:26:01','2024-05-04 14:26:01'),
(228,'三戸郡新郷村','',2,'2024-05-04 14:26:01','2024-05-04 14:26:01'),
(229,'盛岡市','',3,'2024-05-04 14:26:01','2024-05-04 14:26:01'),
(230,'宮古市','',3,'2024-05-04 14:26:01','2024-05-04 14:26:01'),
(231,'大船渡市','',3,'2024-05-04 14:26:01','2024-05-04 14:26:01'),
(232,'花巻市','',3,'2024-05-04 14:26:01','2024-05-04 14:26:01'),
(233,'北上市','',3,'2024-05-04 14:26:01','2024-05-04 14:26:01'),
(234,'久慈市','',3,'2024-05-04 14:26:01','2024-05-04 14:26:01'),
(235,'遠野市','',3,'2024-05-04 14:26:01','2024-05-04 14:26:01'),
(236,'一関市','',3,'2024-05-04 14:26:01','2024-05-04 14:26:01'),
(237,'陸前高田市','',3,'2024-05-04 14:26:01','2024-05-04 14:26:01'),
(238,'釜石市','',3,'2024-05-04 14:26:01','2024-05-04 14:26:01'),
(239,'二戸市','',3,'2024-05-04 14:26:01','2024-05-04 14:26:01'),
(240,'八幡平市','',3,'2024-05-04 14:26:01','2024-05-04 14:26:01'),
(241,'奥州市','',3,'2024-05-04 14:26:01','2024-05-04 14:26:01'),
(242,'滝沢市','',3,'2024-05-04 14:26:01','2024-05-04 14:26:01'),
(243,'岩手郡雫石町','',3,'2024-05-04 14:26:01','2024-05-04 14:26:01'),
(244,'岩手郡葛巻町','',3,'2024-05-04 14:26:01','2024-05-04 14:26:01'),
(245,'岩手郡岩手町','',3,'2024-05-04 14:26:01','2024-05-04 14:26:01'),
(246,'紫波郡紫波町','',3,'2024-05-04 14:26:01','2024-05-04 14:26:01'),
(247,'紫波郡矢巾町','',3,'2024-05-04 14:26:01','2024-05-04 14:26:01'),
(248,'和賀郡西和賀町','',3,'2024-05-04 14:26:01','2024-05-04 14:26:01'),
(249,'胆沢郡金ケ崎町','',3,'2024-05-04 14:26:01','2024-05-04 14:26:01'),
(250,'西磐井郡平泉町','',3,'2024-05-04 14:26:01','2024-05-04 14:26:01'),
(251,'気仙郡住田町','',3,'2024-05-04 14:26:01','2024-05-04 14:26:01'),
(252,'上閉伊郡大槌町','',3,'2024-05-04 14:26:01','2024-05-04 14:26:01'),
(253,'下閉伊郡山田町','',3,'2024-05-04 14:26:01','2024-05-04 14:26:01'),
(254,'下閉伊郡岩泉町','',3,'2024-05-04 14:26:01','2024-05-04 14:26:01'),
(255,'下閉伊郡田野畑村','',3,'2024-05-04 14:26:01','2024-05-04 14:26:01'),
(256,'下閉伊郡普代村','',3,'2024-05-04 14:26:01','2024-05-04 14:26:01'),
(257,'九戸郡軽米町','',3,'2024-05-04 14:26:01','2024-05-04 14:26:01'),
(258,'九戸郡野田村','',3,'2024-05-04 14:26:01','2024-05-04 14:26:01'),
(259,'九戸郡九戸村','',3,'2024-05-04 14:26:01','2024-05-04 14:26:01'),
(260,'九戸郡洋野町','',3,'2024-05-04 14:26:01','2024-05-04 14:26:01'),
(261,'二戸郡一戸町','',3,'2024-05-04 14:26:01','2024-05-04 14:26:01'),
(262,'仙台市青葉区','',4,'2024-05-04 14:26:01','2024-05-04 14:26:01'),
(263,'仙台市宮城野区','',4,'2024-05-04 14:26:01','2024-05-04 14:26:01'),
(264,'仙台市若林区','',4,'2024-05-04 14:26:01','2024-05-04 14:26:01'),
(265,'仙台市太白区','',4,'2024-05-04 14:26:01','2024-05-04 14:26:01'),
(266,'仙台市泉区','',4,'2024-05-04 14:26:01','2024-05-04 14:26:01'),
(267,'石巻市','',4,'2024-05-04 14:26:01','2024-05-04 14:26:01'),
(268,'塩竈市','',4,'2024-05-04 14:26:01','2024-05-04 14:26:01'),
(269,'気仙沼市','',4,'2024-05-04 14:26:01','2024-05-04 14:26:01'),
(270,'白石市','',4,'2024-05-04 14:26:01','2024-05-04 14:26:01'),
(271,'名取市','',4,'2024-05-04 14:26:01','2024-05-04 14:26:01'),
(272,'角田市','',4,'2024-05-04 14:26:01','2024-05-04 14:26:01'),
(273,'多賀城市','',4,'2024-05-04 14:26:01','2024-05-04 14:26:01'),
(274,'岩沼市','',4,'2024-05-04 14:26:01','2024-05-04 14:26:01'),
(275,'登米市','',4,'2024-05-04 14:26:01','2024-05-04 14:26:01'),
(276,'栗原市','',4,'2024-05-04 14:26:01','2024-05-04 14:26:01'),
(277,'東松島市','',4,'2024-05-04 14:26:01','2024-05-04 14:26:01'),
(278,'大崎市','',4,'2024-05-04 14:26:01','2024-05-04 14:26:01'),
(279,'富谷市','',4,'2024-05-04 14:26:01','2024-05-04 14:26:01'),
(280,'刈田郡蔵王町','',4,'2024-05-04 14:26:01','2024-05-04 14:26:01'),
(281,'刈田郡七ヶ宿町','',4,'2024-05-04 14:26:01','2024-05-04 14:26:01'),
(282,'柴田郡大河原町','',4,'2024-05-04 14:26:01','2024-05-04 14:26:01'),
(283,'柴田郡村田町','',4,'2024-05-04 14:26:01','2024-05-04 14:26:01'),
(284,'柴田郡柴田町','',4,'2024-05-04 14:26:01','2024-05-04 14:26:01'),
(285,'柴田郡川崎町','',4,'2024-05-04 14:26:01','2024-05-04 14:26:01'),
(286,'伊具郡丸森町','',4,'2024-05-04 14:26:01','2024-05-04 14:26:01'),
(287,'亘理郡亘理町','',4,'2024-05-04 14:26:01','2024-05-04 14:26:01'),
(288,'亘理郡山元町','',4,'2024-05-04 14:26:01','2024-05-04 14:26:01'),
(289,'宮城郡松島町','',4,'2024-05-04 14:26:01','2024-05-04 14:26:01'),
(290,'宮城郡七ヶ浜町','',4,'2024-05-04 14:26:01','2024-05-04 14:26:01'),
(291,'宮城郡利府町','',4,'2024-05-04 14:26:01','2024-05-04 14:26:01'),
(292,'黒川郡大和町','',4,'2024-05-04 14:26:01','2024-05-04 14:26:01'),
(293,'黒川郡大郷町','',4,'2024-05-04 14:26:01','2024-05-04 14:26:01'),
(294,'黒川郡大衡村','',4,'2024-05-04 14:26:01','2024-05-04 14:26:01'),
(295,'加美郡色麻町','',4,'2024-05-04 14:26:01','2024-05-04 14:26:01'),
(296,'加美郡加美町','',4,'2024-05-04 14:26:01','2024-05-04 14:26:01'),
(297,'遠田郡涌谷町','',4,'2024-05-04 14:26:01','2024-05-04 14:26:01'),
(298,'遠田郡美里町','',4,'2024-05-04 14:26:01','2024-05-04 14:26:01'),
(299,'牡鹿郡女川町','',4,'2024-05-04 14:26:01','2024-05-04 14:26:01'),
(300,'本吉郡南三陸町','',4,'2024-05-04 14:26:01','2024-05-04 14:26:01'),
(301,'秋田市','',5,'2024-05-04 14:26:01','2024-05-04 14:26:01'),
(302,'能代市','',5,'2024-05-04 14:26:01','2024-05-04 14:26:01'),
(303,'横手市','',5,'2024-05-04 14:26:01','2024-05-04 14:26:01'),
(304,'大館市','',5,'2024-05-04 14:26:01','2024-05-04 14:26:01'),
(305,'男鹿市','',5,'2024-05-04 14:26:01','2024-05-04 14:26:01'),
(306,'湯沢市','',5,'2024-05-04 14:26:01','2024-05-04 14:26:01'),
(307,'鹿角市','',5,'2024-05-04 14:26:01','2024-05-04 14:26:01'),
(308,'由利本荘市','',5,'2024-05-04 14:26:01','2024-05-04 14:26:01'),
(309,'潟上市','',5,'2024-05-04 14:26:01','2024-05-04 14:26:01'),
(310,'大仙市','',5,'2024-05-04 14:26:01','2024-05-04 14:26:01'),
(311,'北秋田市','',5,'2024-05-04 14:26:01','2024-05-04 14:26:01'),
(312,'にかほ市','',5,'2024-05-04 14:26:01','2024-05-04 14:26:01'),
(313,'仙北市','',5,'2024-05-04 14:26:01','2024-05-04 14:26:01'),
(314,'鹿角郡小坂町','',5,'2024-05-04 14:26:01','2024-05-04 14:26:01'),
(315,'北秋田郡上小阿仁村','',5,'2024-05-04 14:26:01','2024-05-04 14:26:01'),
(316,'山本郡藤里町','',5,'2024-05-04 14:26:01','2024-05-04 14:26:01'),
(317,'山本郡三種町','',5,'2024-05-04 14:26:01','2024-05-04 14:26:01'),
(318,'山本郡八峰町','',5,'2024-05-04 14:26:01','2024-05-04 14:26:01'),
(319,'南秋田郡五城目町','',5,'2024-05-04 14:26:01','2024-05-04 14:26:01'),
(320,'南秋田郡八郎潟町','',5,'2024-05-04 14:26:01','2024-05-04 14:26:01'),
(321,'南秋田郡井川町','',5,'2024-05-04 14:26:01','2024-05-04 14:26:01'),
(322,'南秋田郡大潟村','',5,'2024-05-04 14:26:01','2024-05-04 14:26:01'),
(323,'仙北郡美郷町','',5,'2024-05-04 14:26:01','2024-05-04 14:26:01'),
(324,'雄勝郡羽後町','',5,'2024-05-04 14:26:01','2024-05-04 14:26:01'),
(325,'雄勝郡東成瀬村','',5,'2024-05-04 14:26:01','2024-05-04 14:26:01'),
(326,'山形市','',6,'2024-05-04 14:26:01','2024-05-04 14:26:01'),
(327,'米沢市','',6,'2024-05-04 14:26:01','2024-05-04 14:26:01'),
(328,'鶴岡市','',6,'2024-05-04 14:26:01','2024-05-04 14:26:01'),
(329,'酒田市','',6,'2024-05-04 14:26:01','2024-05-04 14:26:01'),
(330,'新庄市','',6,'2024-05-04 14:26:01','2024-05-04 14:26:01'),
(331,'寒河江市','',6,'2024-05-04 14:26:01','2024-05-04 14:26:01'),
(332,'上山市','',6,'2024-05-04 14:26:01','2024-05-04 14:26:01'),
(333,'村山市','',6,'2024-05-04 14:26:01','2024-05-04 14:26:01'),
(334,'長井市','',6,'2024-05-04 14:26:01','2024-05-04 14:26:01'),
(335,'天童市','',6,'2024-05-04 14:26:01','2024-05-04 14:26:01'),
(336,'東根市','',6,'2024-05-04 14:26:01','2024-05-04 14:26:01'),
(337,'尾花沢市','',6,'2024-05-04 14:26:01','2024-05-04 14:26:01'),
(338,'南陽市','',6,'2024-05-04 14:26:01','2024-05-04 14:26:01'),
(339,'東村山郡山辺町','',6,'2024-05-04 14:26:01','2024-05-04 14:26:01'),
(340,'東村山郡中山町','',6,'2024-05-04 14:26:01','2024-05-04 14:26:01'),
(341,'西村山郡河北町','',6,'2024-05-04 14:26:01','2024-05-04 14:26:01'),
(342,'西村山郡西川町','',6,'2024-05-04 14:26:01','2024-05-04 14:26:01'),
(343,'西村山郡朝日町','',6,'2024-05-04 14:26:01','2024-05-04 14:26:01'),
(344,'西村山郡大江町','',6,'2024-05-04 14:26:01','2024-05-04 14:26:01'),
(345,'北村山郡大石田町','',6,'2024-05-04 14:26:01','2024-05-04 14:26:01'),
(346,'最上郡金山町','',6,'2024-05-04 14:26:01','2024-05-04 14:26:01'),
(347,'最上郡最上町','',6,'2024-05-04 14:26:01','2024-05-04 14:26:01'),
(348,'最上郡舟形町','',6,'2024-05-04 14:26:01','2024-05-04 14:26:01'),
(349,'最上郡真室川町','',6,'2024-05-04 14:26:01','2024-05-04 14:26:01'),
(350,'最上郡大蔵村','',6,'2024-05-04 14:26:01','2024-05-04 14:26:01'),
(351,'最上郡鮭川村','',6,'2024-05-04 14:26:01','2024-05-04 14:26:01'),
(352,'最上郡戸沢村','',6,'2024-05-04 14:26:01','2024-05-04 14:26:01'),
(353,'東置賜郡高畠町','',6,'2024-05-04 14:26:01','2024-05-04 14:26:01'),
(354,'東置賜郡川西町','',6,'2024-05-04 14:26:01','2024-05-04 14:26:01'),
(355,'西置賜郡小国町','',6,'2024-05-04 14:26:01','2024-05-04 14:26:01'),
(356,'西置賜郡白鷹町','',6,'2024-05-04 14:26:01','2024-05-04 14:26:01'),
(357,'西置賜郡飯豊町','',6,'2024-05-04 14:26:01','2024-05-04 14:26:01'),
(358,'東田川郡三川町','',6,'2024-05-04 14:26:01','2024-05-04 14:26:01'),
(359,'東田川郡庄内町','',6,'2024-05-04 14:26:01','2024-05-04 14:26:01'),
(360,'飽海郡遊佐町','',6,'2024-05-04 14:26:01','2024-05-04 14:26:01'),
(361,'福島市','',7,'2024-05-04 14:26:01','2024-05-04 14:26:01'),
(362,'会津若松市','',7,'2024-05-04 14:26:01','2024-05-04 14:26:01'),
(363,'郡山市','',7,'2024-05-04 14:26:01','2024-05-04 14:26:01'),
(364,'いわき市','',7,'2024-05-04 14:26:01','2024-05-04 14:26:01'),
(365,'白河市','',7,'2024-05-04 14:26:01','2024-05-04 14:26:01'),
(366,'須賀川市','',7,'2024-05-04 14:26:01','2024-05-04 14:26:01'),
(367,'喜多方市','',7,'2024-05-04 14:26:01','2024-05-04 14:26:01'),
(368,'相馬市','',7,'2024-05-04 14:26:01','2024-05-04 14:26:01'),
(369,'二本松市','',7,'2024-05-04 14:26:01','2024-05-04 14:26:01'),
(370,'田村市','',7,'2024-05-04 14:26:01','2024-05-04 14:26:01'),
(371,'南相馬市','',7,'2024-05-04 14:26:01','2024-05-04 14:26:01'),
(372,'伊達市','',7,'2024-05-04 14:26:01','2024-05-04 14:26:01'),
(373,'本宮市','',7,'2024-05-04 14:26:01','2024-05-04 14:26:01'),
(374,'伊達郡桑折町','',7,'2024-05-04 14:26:01','2024-05-04 14:26:01'),
(375,'伊達郡国見町','',7,'2024-05-04 14:26:01','2024-05-04 14:26:01'),
(376,'伊達郡川俣町','',7,'2024-05-04 14:26:01','2024-05-04 14:26:01'),
(377,'安達郡大玉村','',7,'2024-05-04 14:26:01','2024-05-04 14:26:01'),
(378,'岩瀬郡鏡石町','',7,'2024-05-04 14:26:01','2024-05-04 14:26:01'),
(379,'岩瀬郡天栄村','',7,'2024-05-04 14:26:01','2024-05-04 14:26:01'),
(380,'南会津郡下郷町','',7,'2024-05-04 14:26:01','2024-05-04 14:26:01'),
(381,'南会津郡檜枝岐村','',7,'2024-05-04 14:26:01','2024-05-04 14:26:01'),
(382,'南会津郡只見町','',7,'2024-05-04 14:26:01','2024-05-04 14:26:01'),
(383,'南会津郡南会津町','',7,'2024-05-04 14:26:01','2024-05-04 14:26:01'),
(384,'耶麻郡北塩原村','',7,'2024-05-04 14:26:01','2024-05-04 14:26:01'),
(385,'耶麻郡西会津町','',7,'2024-05-04 14:26:01','2024-05-04 14:26:01'),
(386,'耶麻郡磐梯町','',7,'2024-05-04 14:26:01','2024-05-04 14:26:01'),
(387,'耶麻郡猪苗代町','',7,'2024-05-04 14:26:01','2024-05-04 14:26:01'),
(388,'河沼郡会津坂下町','',7,'2024-05-04 14:26:01','2024-05-04 14:26:01'),
(389,'河沼郡湯川村','',7,'2024-05-04 14:26:01','2024-05-04 14:26:01'),
(390,'河沼郡柳津町','',7,'2024-05-04 14:26:01','2024-05-04 14:26:01'),
(391,'大沼郡三島町','',7,'2024-05-04 14:26:01','2024-05-04 14:26:01'),
(392,'大沼郡金山町','',7,'2024-05-04 14:26:01','2024-05-04 14:26:01'),
(393,'大沼郡昭和村','',7,'2024-05-04 14:26:01','2024-05-04 14:26:01'),
(394,'大沼郡会津美里町','',7,'2024-05-04 14:26:01','2024-05-04 14:26:01'),
(395,'西白河郡西郷村','',7,'2024-05-04 14:26:01','2024-05-04 14:26:01'),
(396,'西白河郡泉崎村','',7,'2024-05-04 14:26:01','2024-05-04 14:26:01'),
(397,'西白河郡中島村','',7,'2024-05-04 14:26:01','2024-05-04 14:26:01'),
(398,'西白河郡矢吹町','',7,'2024-05-04 14:26:01','2024-05-04 14:26:01'),
(399,'東白川郡棚倉町','',7,'2024-05-04 14:26:01','2024-05-04 14:26:01'),
(400,'東白川郡矢祭町','',7,'2024-05-04 14:26:01','2024-05-04 14:26:01'),
(401,'東白川郡塙町','',7,'2024-05-04 14:26:01','2024-05-04 14:26:01'),
(402,'東白川郡鮫川村','',7,'2024-05-04 14:26:01','2024-05-04 14:26:01'),
(403,'石川郡石川町','',7,'2024-05-04 14:26:01','2024-05-04 14:26:01'),
(404,'石川郡玉川村','',7,'2024-05-04 14:26:01','2024-05-04 14:26:01'),
(405,'石川郡平田村','',7,'2024-05-04 14:26:01','2024-05-04 14:26:01'),
(406,'石川郡浅川町','',7,'2024-05-04 14:26:01','2024-05-04 14:26:01'),
(407,'石川郡古殿町','',7,'2024-05-04 14:26:01','2024-05-04 14:26:01'),
(408,'田村郡三春町','',7,'2024-05-04 14:26:01','2024-05-04 14:26:01'),
(409,'田村郡小野町','',7,'2024-05-04 14:26:01','2024-05-04 14:26:01'),
(410,'双葉郡広野町','',7,'2024-05-04 14:26:01','2024-05-04 14:26:01'),
(411,'双葉郡楢葉町','',7,'2024-05-04 14:26:01','2024-05-04 14:26:01'),
(412,'双葉郡富岡町','',7,'2024-05-04 14:26:01','2024-05-04 14:26:01'),
(413,'双葉郡川内村','',7,'2024-05-04 14:26:01','2024-05-04 14:26:01'),
(414,'双葉郡大熊町','',7,'2024-05-04 14:26:01','2024-05-04 14:26:01'),
(415,'双葉郡双葉町','',7,'2024-05-04 14:26:01','2024-05-04 14:26:01'),
(416,'双葉郡浪江町','',7,'2024-05-04 14:26:01','2024-05-04 14:26:01'),
(417,'双葉郡葛尾村','',7,'2024-05-04 14:26:01','2024-05-04 14:26:01'),
(418,'相馬郡新地町','',7,'2024-05-04 14:26:01','2024-05-04 14:26:01'),
(419,'相馬郡飯舘村','',7,'2024-05-04 14:26:01','2024-05-04 14:26:01'),
(420,'水戸市','',8,'2024-05-04 14:26:01','2024-05-04 14:26:01'),
(421,'日立市','',8,'2024-05-04 14:26:01','2024-05-04 14:26:01'),
(422,'土浦市','',8,'2024-05-04 14:26:01','2024-05-04 14:26:01'),
(423,'古河市','',8,'2024-05-04 14:26:01','2024-05-04 14:26:01'),
(424,'石岡市','',8,'2024-05-04 14:26:01','2024-05-04 14:26:01'),
(425,'結城市','',8,'2024-05-04 14:26:01','2024-05-04 14:26:01'),
(426,'龍ケ崎市','',8,'2024-05-04 14:26:01','2024-05-04 14:26:01'),
(427,'下妻市','',8,'2024-05-04 14:26:01','2024-05-04 14:26:01'),
(428,'常総市','',8,'2024-05-04 14:26:01','2024-05-04 14:26:01'),
(429,'常陸太田市','',8,'2024-05-04 14:26:01','2024-05-04 14:26:01'),
(430,'高萩市','',8,'2024-05-04 14:26:01','2024-05-04 14:26:01'),
(431,'北茨城市','',8,'2024-05-04 14:26:01','2024-05-04 14:26:01'),
(432,'笠間市','',8,'2024-05-04 14:26:01','2024-05-04 14:26:01'),
(433,'取手市','',8,'2024-05-04 14:26:01','2024-05-04 14:26:01'),
(434,'牛久市','',8,'2024-05-04 14:26:01','2024-05-04 14:26:01'),
(435,'つくば市','',8,'2024-05-04 14:26:01','2024-05-04 14:26:01'),
(436,'ひたちなか市','',8,'2024-05-04 14:26:01','2024-05-04 14:26:01'),
(437,'鹿嶋市','',8,'2024-05-04 14:26:01','2024-05-04 14:26:01'),
(438,'潮来市','',8,'2024-05-04 14:26:01','2024-05-04 14:26:01'),
(439,'守谷市','',8,'2024-05-04 14:26:01','2024-05-04 14:26:01'),
(440,'常陸大宮市','',8,'2024-05-04 14:26:01','2024-05-04 14:26:01'),
(441,'那珂市','',8,'2024-05-04 14:26:01','2024-05-04 14:26:01'),
(442,'筑西市','',8,'2024-05-04 14:26:01','2024-05-04 14:26:01'),
(443,'坂東市','',8,'2024-05-04 14:26:01','2024-05-04 14:26:01'),
(444,'稲敷市','',8,'2024-05-04 14:26:01','2024-05-04 14:26:01'),
(445,'かすみがうら市','',8,'2024-05-04 14:26:01','2024-05-04 14:26:01'),
(446,'桜川市','',8,'2024-05-04 14:26:01','2024-05-04 14:26:01'),
(447,'神栖市','',8,'2024-05-04 14:26:01','2024-05-04 14:26:01'),
(448,'行方市','',8,'2024-05-04 14:26:01','2024-05-04 14:26:01'),
(449,'鉾田市','',8,'2024-05-04 14:26:01','2024-05-04 14:26:01'),
(450,'つくばみらい市','',8,'2024-05-04 14:26:01','2024-05-04 14:26:01'),
(451,'小美玉市','',8,'2024-05-04 14:26:01','2024-05-04 14:26:01'),
(452,'東茨城郡茨城町','',8,'2024-05-04 14:26:01','2024-05-04 14:26:01'),
(453,'東茨城郡大洗町','',8,'2024-05-04 14:26:01','2024-05-04 14:26:01'),
(454,'東茨城郡城里町','',8,'2024-05-04 14:26:01','2024-05-04 14:26:01'),
(455,'那珂郡東海村','',8,'2024-05-04 14:26:01','2024-05-04 14:26:01'),
(456,'久慈郡大子町','',8,'2024-05-04 14:26:01','2024-05-04 14:26:01'),
(457,'稲敷郡美浦村','',8,'2024-05-04 14:26:01','2024-05-04 14:26:01'),
(458,'稲敷郡阿見町','',8,'2024-05-04 14:26:01','2024-05-04 14:26:01'),
(459,'稲敷郡河内町','',8,'2024-05-04 14:26:01','2024-05-04 14:26:01'),
(460,'結城郡八千代町','',8,'2024-05-04 14:26:01','2024-05-04 14:26:01'),
(461,'猿島郡五霞町','',8,'2024-05-04 14:26:01','2024-05-04 14:26:01'),
(462,'猿島郡境町','',8,'2024-05-04 14:26:01','2024-05-04 14:26:01'),
(463,'北相馬郡利根町','',8,'2024-05-04 14:26:01','2024-05-04 14:26:01'),
(464,'宇都宮市','',9,'2024-05-04 14:26:01','2024-05-04 14:26:01'),
(465,'足利市','',9,'2024-05-04 14:26:01','2024-05-04 14:26:01'),
(466,'栃木市','',9,'2024-05-04 14:26:01','2024-05-04 14:26:01'),
(467,'佐野市','',9,'2024-05-04 14:26:01','2024-05-04 14:26:01'),
(468,'鹿沼市','',9,'2024-05-04 14:26:01','2024-05-04 14:26:01'),
(469,'日光市','',9,'2024-05-04 14:26:01','2024-05-04 14:26:01'),
(470,'小山市','',9,'2024-05-04 14:26:01','2024-05-04 14:26:01'),
(471,'真岡市','',9,'2024-05-04 14:26:01','2024-05-04 14:26:01'),
(472,'大田原市','',9,'2024-05-04 14:26:01','2024-05-04 14:26:01'),
(473,'矢板市','',9,'2024-05-04 14:26:01','2024-05-04 14:26:01'),
(474,'那須塩原市','',9,'2024-05-04 14:26:01','2024-05-04 14:26:01'),
(475,'さくら市','',9,'2024-05-04 14:26:01','2024-05-04 14:26:01'),
(476,'那須烏山市','',9,'2024-05-04 14:26:01','2024-05-04 14:26:01'),
(477,'下野市','',9,'2024-05-04 14:26:01','2024-05-04 14:26:01'),
(478,'河内郡上三川町','',9,'2024-05-04 14:26:01','2024-05-04 14:26:01'),
(479,'芳賀郡益子町','',9,'2024-05-04 14:26:01','2024-05-04 14:26:01'),
(480,'芳賀郡茂木町','',9,'2024-05-04 14:26:01','2024-05-04 14:26:01'),
(481,'芳賀郡市貝町','',9,'2024-05-04 14:26:01','2024-05-04 14:26:01'),
(482,'芳賀郡芳賀町','',9,'2024-05-04 14:26:01','2024-05-04 14:26:01'),
(483,'下都賀郡壬生町','',9,'2024-05-04 14:26:01','2024-05-04 14:26:01'),
(484,'下都賀郡野木町','',9,'2024-05-04 14:26:01','2024-05-04 14:26:01'),
(485,'塩谷郡塩谷町','',9,'2024-05-04 14:26:01','2024-05-04 14:26:01'),
(486,'塩谷郡高根沢町','',9,'2024-05-04 14:26:01','2024-05-04 14:26:01'),
(487,'那須郡那須町','',9,'2024-05-04 14:26:01','2024-05-04 14:26:01'),
(488,'那須郡那珂川町','',9,'2024-05-04 14:26:01','2024-05-04 14:26:01'),
(489,'前橋市','',10,'2024-05-04 14:26:01','2024-05-04 14:26:01'),
(490,'高崎市','',10,'2024-05-04 14:26:01','2024-05-04 14:26:01'),
(491,'桐生市','',10,'2024-05-04 14:26:01','2024-05-04 14:26:01'),
(492,'伊勢崎市','',10,'2024-05-04 14:26:01','2024-05-04 14:26:01'),
(493,'太田市','',10,'2024-05-04 14:26:01','2024-05-04 14:26:01'),
(494,'沼田市','',10,'2024-05-04 14:26:01','2024-05-04 14:26:01'),
(495,'館林市','',10,'2024-05-04 14:26:01','2024-05-04 14:26:01'),
(496,'渋川市','',10,'2024-05-04 14:26:01','2024-05-04 14:26:01'),
(497,'藤岡市','',10,'2024-05-04 14:26:01','2024-05-04 14:26:01'),
(498,'富岡市','',10,'2024-05-04 14:26:01','2024-05-04 14:26:01'),
(499,'安中市','',10,'2024-05-04 14:26:01','2024-05-04 14:26:01'),
(500,'みどり市','',10,'2024-05-04 14:26:01','2024-05-04 14:26:01'),
(501,'北群馬郡榛東村','',10,'2024-05-04 14:26:01','2024-05-04 14:26:01'),
(502,'北群馬郡吉岡町','',10,'2024-05-04 14:26:01','2024-05-04 14:26:01'),
(503,'多野郡上野村','',10,'2024-05-04 14:26:01','2024-05-04 14:26:01'),
(504,'多野郡神流町','',10,'2024-05-04 14:26:01','2024-05-04 14:26:01'),
(505,'甘楽郡下仁田町','',10,'2024-05-04 14:26:01','2024-05-04 14:26:01'),
(506,'甘楽郡南牧村','',10,'2024-05-04 14:26:01','2024-05-04 14:26:01'),
(507,'甘楽郡甘楽町','',10,'2024-05-04 14:26:01','2024-05-04 14:26:01'),
(508,'吾妻郡中之条町','',10,'2024-05-04 14:26:01','2024-05-04 14:26:01'),
(509,'吾妻郡長野原町','',10,'2024-05-04 14:26:01','2024-05-04 14:26:01'),
(510,'吾妻郡嬬恋村','',10,'2024-05-04 14:26:01','2024-05-04 14:26:01'),
(511,'吾妻郡草津町','',10,'2024-05-04 14:26:01','2024-05-04 14:26:01'),
(512,'吾妻郡高山村','',10,'2024-05-04 14:26:01','2024-05-04 14:26:01'),
(513,'吾妻郡東吾妻町','',10,'2024-05-04 14:26:01','2024-05-04 14:26:01'),
(514,'利根郡片品村','',10,'2024-05-04 14:26:01','2024-05-04 14:26:01'),
(515,'利根郡川場村','',10,'2024-05-04 14:26:01','2024-05-04 14:26:01'),
(516,'利根郡昭和村','',10,'2024-05-04 14:26:01','2024-05-04 14:26:01'),
(517,'利根郡みなかみ町','',10,'2024-05-04 14:26:01','2024-05-04 14:26:01'),
(518,'佐波郡玉村町','',10,'2024-05-04 14:26:01','2024-05-04 14:26:01'),
(519,'邑楽郡板倉町','',10,'2024-05-04 14:26:01','2024-05-04 14:26:01'),
(520,'邑楽郡明和町','',10,'2024-05-04 14:26:01','2024-05-04 14:26:01'),
(521,'邑楽郡千代田町','',10,'2024-05-04 14:26:01','2024-05-04 14:26:01'),
(522,'邑楽郡大泉町','',10,'2024-05-04 14:26:01','2024-05-04 14:26:01'),
(523,'邑楽郡邑楽町','',10,'2024-05-04 14:26:01','2024-05-04 14:26:01'),
(524,'さいたま市西区','',11,'2024-05-04 14:26:01','2024-05-04 14:26:01'),
(525,'さいたま市北区','',11,'2024-05-04 14:26:01','2024-05-04 14:26:01'),
(526,'さいたま市大宮区','',11,'2024-05-04 14:26:01','2024-05-04 14:26:01'),
(527,'さいたま市見沼区','',11,'2024-05-04 14:26:01','2024-05-04 14:26:01'),
(528,'さいたま市中央区','',11,'2024-05-04 14:26:01','2024-05-04 14:26:01'),
(529,'さいたま市桜区','',11,'2024-05-04 14:26:01','2024-05-04 14:26:01'),
(530,'さいたま市浦和区','',11,'2024-05-04 14:26:01','2024-05-04 14:26:01'),
(531,'さいたま市南区','',11,'2024-05-04 14:26:01','2024-05-04 14:26:01'),
(532,'さいたま市緑区','',11,'2024-05-04 14:26:01','2024-05-04 14:26:01'),
(533,'さいたま市岩槻区','',11,'2024-05-04 14:26:01','2024-05-04 14:26:01'),
(534,'川越市','',11,'2024-05-04 14:26:01','2024-05-04 14:26:01'),
(535,'熊谷市','',11,'2024-05-04 14:26:01','2024-05-04 14:26:01'),
(536,'川口市','',11,'2024-05-04 14:26:01','2024-05-04 14:26:01'),
(537,'行田市','',11,'2024-05-04 14:26:01','2024-05-04 14:26:01'),
(538,'秩父市','',11,'2024-05-04 14:26:01','2024-05-04 14:26:01'),
(539,'所沢市','',11,'2024-05-04 14:26:01','2024-05-04 14:26:01'),
(540,'飯能市','',11,'2024-05-04 14:26:01','2024-05-04 14:26:01'),
(541,'加須市','',11,'2024-05-04 14:26:01','2024-05-04 14:26:01'),
(542,'本庄市','',11,'2024-05-04 14:26:01','2024-05-04 14:26:01'),
(543,'東松山市','',11,'2024-05-04 14:26:01','2024-05-04 14:26:01'),
(544,'春日部市','',11,'2024-05-04 14:26:01','2024-05-04 14:26:01'),
(545,'狭山市','',11,'2024-05-04 14:26:01','2024-05-04 14:26:01'),
(546,'羽生市','',11,'2024-05-04 14:26:01','2024-05-04 14:26:01'),
(547,'鴻巣市','',11,'2024-05-04 14:26:01','2024-05-04 14:26:01'),
(548,'深谷市','',11,'2024-05-04 14:26:01','2024-05-04 14:26:01'),
(549,'上尾市','',11,'2024-05-04 14:26:01','2024-05-04 14:26:01'),
(550,'草加市','',11,'2024-05-04 14:26:01','2024-05-04 14:26:01'),
(551,'越谷市','',11,'2024-05-04 14:26:01','2024-05-04 14:26:01'),
(552,'蕨市','',11,'2024-05-04 14:26:01','2024-05-04 14:26:01'),
(553,'戸田市','',11,'2024-05-04 14:26:01','2024-05-04 14:26:01'),
(554,'入間市','',11,'2024-05-04 14:26:01','2024-05-04 14:26:01'),
(555,'朝霞市','',11,'2024-05-04 14:26:01','2024-05-04 14:26:01'),
(556,'志木市','',11,'2024-05-04 14:26:01','2024-05-04 14:26:01'),
(557,'和光市','',11,'2024-05-04 14:26:01','2024-05-04 14:26:01'),
(558,'新座市','',11,'2024-05-04 14:26:01','2024-05-04 14:26:01'),
(559,'桶川市','',11,'2024-05-04 14:26:01','2024-05-04 14:26:01'),
(560,'久喜市','',11,'2024-05-04 14:26:01','2024-05-04 14:26:01'),
(561,'北本市','',11,'2024-05-04 14:26:01','2024-05-04 14:26:01'),
(562,'八潮市','',11,'2024-05-04 14:26:01','2024-05-04 14:26:01'),
(563,'富士見市','',11,'2024-05-04 14:26:01','2024-05-04 14:26:01'),
(564,'三郷市','',11,'2024-05-04 14:26:01','2024-05-04 14:26:01'),
(565,'蓮田市','',11,'2024-05-04 14:26:01','2024-05-04 14:26:01'),
(566,'坂戸市','',11,'2024-05-04 14:26:01','2024-05-04 14:26:01'),
(567,'幸手市','',11,'2024-05-04 14:26:01','2024-05-04 14:26:01'),
(568,'鶴ヶ島市','',11,'2024-05-04 14:26:01','2024-05-04 14:26:01'),
(569,'日高市','',11,'2024-05-04 14:26:01','2024-05-04 14:26:01'),
(570,'吉川市','',11,'2024-05-04 14:26:01','2024-05-04 14:26:01'),
(571,'ふじみ野市','',11,'2024-05-04 14:26:01','2024-05-04 14:26:01'),
(572,'白岡市','',11,'2024-05-04 14:26:01','2024-05-04 14:26:01'),
(573,'北足立郡伊奈町','',11,'2024-05-04 14:26:01','2024-05-04 14:26:01'),
(574,'入間郡三芳町','',11,'2024-05-04 14:26:01','2024-05-04 14:26:01'),
(575,'入間郡毛呂山町','',11,'2024-05-04 14:26:01','2024-05-04 14:26:01'),
(576,'入間郡越生町','',11,'2024-05-04 14:26:01','2024-05-04 14:26:01'),
(577,'比企郡滑川町','',11,'2024-05-04 14:26:01','2024-05-04 14:26:01'),
(578,'比企郡嵐山町','',11,'2024-05-04 14:26:01','2024-05-04 14:26:01'),
(579,'比企郡小川町','',11,'2024-05-04 14:26:01','2024-05-04 14:26:01'),
(580,'比企郡川島町','',11,'2024-05-04 14:26:01','2024-05-04 14:26:01'),
(581,'比企郡吉見町','',11,'2024-05-04 14:26:01','2024-05-04 14:26:01'),
(582,'比企郡鳩山町','',11,'2024-05-04 14:26:01','2024-05-04 14:26:01'),
(583,'比企郡ときがわ町','',11,'2024-05-04 14:26:01','2024-05-04 14:26:01'),
(584,'秩父郡横瀬町','',11,'2024-05-04 14:26:01','2024-05-04 14:26:01'),
(585,'秩父郡皆野町','',11,'2024-05-04 14:26:01','2024-05-04 14:26:01'),
(586,'秩父郡長瀞町','',11,'2024-05-04 14:26:01','2024-05-04 14:26:01'),
(587,'秩父郡小鹿野町','',11,'2024-05-04 14:26:01','2024-05-04 14:26:01'),
(588,'秩父郡東秩父村','',11,'2024-05-04 14:26:01','2024-05-04 14:26:01'),
(589,'児玉郡美里町','',11,'2024-05-04 14:26:01','2024-05-04 14:26:01'),
(590,'児玉郡神川町','',11,'2024-05-04 14:26:01','2024-05-04 14:26:01'),
(591,'児玉郡上里町','',11,'2024-05-04 14:26:01','2024-05-04 14:26:01'),
(592,'大里郡寄居町','',11,'2024-05-04 14:26:01','2024-05-04 14:26:01'),
(593,'南埼玉郡宮代町','',11,'2024-05-04 14:26:01','2024-05-04 14:26:01'),
(594,'北葛飾郡杉戸町','',11,'2024-05-04 14:26:01','2024-05-04 14:26:01'),
(595,'北葛飾郡松伏町','',11,'2024-05-04 14:26:01','2024-05-04 14:26:01'),
(596,'千葉市中央区','',12,'2024-05-04 14:26:01','2024-05-04 14:26:01'),
(597,'千葉市花見川区','',12,'2024-05-04 14:26:01','2024-05-04 14:26:01'),
(598,'千葉市稲毛区','',12,'2024-05-04 14:26:01','2024-05-04 14:26:01'),
(599,'千葉市若葉区','',12,'2024-05-04 14:26:01','2024-05-04 14:26:01'),
(600,'千葉市緑区','',12,'2024-05-04 14:26:01','2024-05-04 14:26:01'),
(601,'千葉市美浜区','',12,'2024-05-04 14:26:01','2024-05-04 14:26:01'),
(602,'銚子市','',12,'2024-05-04 14:26:01','2024-05-04 14:26:01'),
(603,'市川市','',12,'2024-05-04 14:26:01','2024-05-04 14:26:01'),
(604,'船橋市','',12,'2024-05-04 14:26:01','2024-05-04 14:26:01'),
(605,'館山市','',12,'2024-05-04 14:26:01','2024-05-04 14:26:01'),
(606,'木更津市','',12,'2024-05-04 14:26:01','2024-05-04 14:26:01'),
(607,'松戸市','',12,'2024-05-04 14:26:01','2024-05-04 14:26:01'),
(608,'野田市','',12,'2024-05-04 14:26:01','2024-05-04 14:26:01'),
(609,'茂原市','',12,'2024-05-04 14:26:01','2024-05-04 14:26:01'),
(610,'成田市','',12,'2024-05-04 14:26:01','2024-05-04 14:26:01'),
(611,'佐倉市','',12,'2024-05-04 14:26:01','2024-05-04 14:26:01'),
(612,'東金市','',12,'2024-05-04 14:26:01','2024-05-04 14:26:01'),
(613,'旭市','',12,'2024-05-04 14:26:01','2024-05-04 14:26:01'),
(614,'習志野市','',12,'2024-05-04 14:26:01','2024-05-04 14:26:01'),
(615,'柏市','',12,'2024-05-04 14:26:01','2024-05-04 14:26:01'),
(616,'勝浦市','',12,'2024-05-04 14:26:01','2024-05-04 14:26:01'),
(617,'市原市','',12,'2024-05-04 14:26:01','2024-05-04 14:26:01'),
(618,'流山市','',12,'2024-05-04 14:26:01','2024-05-04 14:26:01'),
(619,'八千代市','',12,'2024-05-04 14:26:01','2024-05-04 14:26:01'),
(620,'我孫子市','',12,'2024-05-04 14:26:01','2024-05-04 14:26:01'),
(621,'鴨川市','',12,'2024-05-04 14:26:01','2024-05-04 14:26:01'),
(622,'鎌ケ谷市','',12,'2024-05-04 14:26:01','2024-05-04 14:26:01'),
(623,'君津市','',12,'2024-05-04 14:26:01','2024-05-04 14:26:01'),
(624,'富津市','',12,'2024-05-04 14:26:01','2024-05-04 14:26:01'),
(625,'浦安市','',12,'2024-05-04 14:26:01','2024-05-04 14:26:01'),
(626,'四街道市','',12,'2024-05-04 14:26:01','2024-05-04 14:26:01'),
(627,'袖ケ浦市','',12,'2024-05-04 14:26:01','2024-05-04 14:26:01'),
(628,'八街市','',12,'2024-05-04 14:26:01','2024-05-04 14:26:01'),
(629,'印西市','',12,'2024-05-04 14:26:01','2024-05-04 14:26:01'),
(630,'白井市','',12,'2024-05-04 14:26:01','2024-05-04 14:26:01'),
(631,'富里市','',12,'2024-05-04 14:26:01','2024-05-04 14:26:01'),
(632,'南房総市','',12,'2024-05-04 14:26:01','2024-05-04 14:26:01'),
(633,'匝瑳市','',12,'2024-05-04 14:26:01','2024-05-04 14:26:01'),
(634,'香取市','',12,'2024-05-04 14:26:01','2024-05-04 14:26:01'),
(635,'山武市','',12,'2024-05-04 14:26:01','2024-05-04 14:26:01'),
(636,'いすみ市','',12,'2024-05-04 14:26:01','2024-05-04 14:26:01'),
(637,'大網白里市','',12,'2024-05-04 14:26:01','2024-05-04 14:26:01'),
(638,'印旛郡酒々井町','',12,'2024-05-04 14:26:01','2024-05-04 14:26:01'),
(639,'印旛郡栄町','',12,'2024-05-04 14:26:01','2024-05-04 14:26:01'),
(640,'香取郡神崎町','',12,'2024-05-04 14:26:01','2024-05-04 14:26:01'),
(641,'香取郡多古町','',12,'2024-05-04 14:26:01','2024-05-04 14:26:01'),
(642,'香取郡東庄町','',12,'2024-05-04 14:26:01','2024-05-04 14:26:01'),
(643,'山武郡九十九里町','',12,'2024-05-04 14:26:01','2024-05-04 14:26:01'),
(644,'山武郡芝山町','',12,'2024-05-04 14:26:01','2024-05-04 14:26:01'),
(645,'山武郡横芝光町','',12,'2024-05-04 14:26:01','2024-05-04 14:26:01'),
(646,'長生郡一宮町','',12,'2024-05-04 14:26:01','2024-05-04 14:26:01'),
(647,'長生郡睦沢町','',12,'2024-05-04 14:26:01','2024-05-04 14:26:01'),
(648,'長生郡長生村','',12,'2024-05-04 14:26:01','2024-05-04 14:26:01'),
(649,'長生郡白子町','',12,'2024-05-04 14:26:01','2024-05-04 14:26:01'),
(650,'長生郡長柄町','',12,'2024-05-04 14:26:01','2024-05-04 14:26:01'),
(651,'長生郡長南町','',12,'2024-05-04 14:26:01','2024-05-04 14:26:01'),
(652,'夷隅郡大多喜町','',12,'2024-05-04 14:26:01','2024-05-04 14:26:01'),
(653,'夷隅郡御宿町','',12,'2024-05-04 14:26:01','2024-05-04 14:26:01'),
(654,'安房郡鋸南町','',12,'2024-05-04 14:26:01','2024-05-04 14:26:01'),
(655,'千代田区','chiyodaku',13,'2024-05-04 14:26:01','2024-05-04 14:26:01'),
(656,'中央区','chuuouku',13,'2024-05-04 14:26:01','2024-05-04 14:26:01'),
(657,'港区','minatoku',13,'2024-05-04 14:26:01','2024-05-04 14:26:01'),
(658,'新宿区','shinjukuku',13,'2024-05-04 14:26:01','2024-05-04 14:26:01'),
(659,'文京区','bunkyouku',13,'2024-05-04 14:26:01','2024-05-04 14:26:01'),
(660,'台東区','taitouku',13,'2024-05-04 14:26:01','2024-05-04 14:26:01'),
(661,'墨田区','sumidaku',13,'2024-05-04 14:26:01','2024-05-04 14:26:01'),
(662,'江東区','koutouku',13,'2024-05-04 14:26:01','2024-05-04 14:26:01'),
(663,'品川区','shinagawaku',13,'2024-05-04 14:26:01','2024-05-04 14:26:01'),
(664,'目黒区','meguroku',13,'2024-05-04 14:26:01','2024-05-04 14:26:01'),
(665,'大田区','ootaku',13,'2024-05-04 14:26:01','2024-05-04 14:26:01'),
(666,'世田谷区','setagayaku',13,'2024-05-04 14:26:01','2024-05-04 14:26:01'),
(667,'渋谷区','shibuyaku',13,'2024-05-04 14:26:01','2024-05-04 14:26:01'),
(668,'中野区','nakanoku',13,'2024-05-04 14:26:01','2024-05-04 14:26:01'),
(669,'杉並区','suginamiku',13,'2024-05-04 14:26:01','2024-05-04 14:26:01'),
(670,'豊島区','toshimaku',13,'2024-05-04 14:26:01','2024-05-04 14:26:01'),
(671,'北区','kitaku',13,'2024-05-04 14:26:01','2024-05-04 14:26:01'),
(672,'荒川区','arakawaku',13,'2024-05-04 14:26:01','2024-05-04 14:26:01'),
(673,'板橋区','itabashiku',13,'2024-05-04 14:26:01','2024-05-04 14:26:01'),
(674,'練馬区','nerimaku',13,'2024-05-04 14:26:01','2024-05-04 14:26:01'),
(675,'足立区','adachiku',13,'2024-05-04 14:26:01','2024-05-04 14:26:01'),
(676,'葛飾区','katsushikaku',13,'2024-05-04 14:26:01','2024-05-04 14:26:01'),
(677,'江戸川区','edogawaku',13,'2024-05-04 14:26:01','2024-05-04 14:26:01'),
(678,'八王子市','',13,'2024-05-04 14:26:01','2024-05-04 14:26:01'),
(679,'立川市','',13,'2024-05-04 14:26:01','2024-05-04 14:26:01'),
(680,'武蔵野市','',13,'2024-05-04 14:26:01','2024-05-04 14:26:01'),
(681,'三鷹市','',13,'2024-05-04 14:26:01','2024-05-04 14:26:01'),
(682,'青梅市','',13,'2024-05-04 14:26:01','2024-05-04 14:26:01'),
(683,'府中市','',13,'2024-05-04 14:26:01','2024-05-04 14:26:01'),
(684,'昭島市','',13,'2024-05-04 14:26:01','2024-05-04 14:26:01'),
(685,'調布市','',13,'2024-05-04 14:26:01','2024-05-04 14:26:01'),
(686,'町田市','',13,'2024-05-04 14:26:01','2024-05-04 14:26:01'),
(687,'小金井市','',13,'2024-05-04 14:26:01','2024-05-04 14:26:01'),
(688,'小平市','',13,'2024-05-04 14:26:01','2024-05-04 14:26:01'),
(689,'日野市','',13,'2024-05-04 14:26:01','2024-05-04 14:26:01'),
(690,'東村山市','',13,'2024-05-04 14:26:01','2024-05-04 14:26:01'),
(691,'国分寺市','',13,'2024-05-04 14:26:01','2024-05-04 14:26:01'),
(692,'国立市','',13,'2024-05-04 14:26:01','2024-05-04 14:26:01'),
(693,'福生市','',13,'2024-05-04 14:26:01','2024-05-04 14:26:01'),
(694,'狛江市','',13,'2024-05-04 14:26:01','2024-05-04 14:26:01'),
(695,'東大和市','',13,'2024-05-04 14:26:01','2024-05-04 14:26:01'),
(696,'清瀬市','',13,'2024-05-04 14:26:01','2024-05-04 14:26:01'),
(697,'東久留米市','',13,'2024-05-04 14:26:01','2024-05-04 14:26:01'),
(698,'武蔵村山市','',13,'2024-05-04 14:26:01','2024-05-04 14:26:01'),
(699,'多摩市','',13,'2024-05-04 14:26:01','2024-05-04 14:26:01'),
(700,'稲城市','',13,'2024-05-04 14:26:01','2024-05-04 14:26:01'),
(701,'羽村市','',13,'2024-05-04 14:26:01','2024-05-04 14:26:01'),
(702,'あきる野市','',13,'2024-05-04 14:26:01','2024-05-04 14:26:01'),
(703,'西東京市','',13,'2024-05-04 14:26:01','2024-05-04 14:26:01'),
(704,'西多摩郡瑞穂町','',13,'2024-05-04 14:26:01','2024-05-04 14:26:01'),
(705,'西多摩郡日の出町','',13,'2024-05-04 14:26:01','2024-05-04 14:26:01'),
(706,'西多摩郡檜原村','',13,'2024-05-04 14:26:01','2024-05-04 14:26:01'),
(707,'西多摩郡奥多摩町','',13,'2024-05-04 14:26:01','2024-05-04 14:26:01'),
(708,'大島町','',13,'2024-05-04 14:26:01','2024-05-04 14:26:01'),
(709,'利島村','',13,'2024-05-04 14:26:01','2024-05-04 14:26:01'),
(710,'新島村','',13,'2024-05-04 14:26:01','2024-05-04 14:26:01'),
(711,'神津島村','',13,'2024-05-04 14:26:01','2024-05-04 14:26:01'),
(712,'三宅島三宅村','',13,'2024-05-04 14:26:01','2024-05-04 14:26:01'),
(713,'御蔵島村','',13,'2024-05-04 14:26:01','2024-05-04 14:26:01'),
(714,'八丈島八丈町','',13,'2024-05-04 14:26:01','2024-05-04 14:26:01'),
(715,'青ヶ島村','',13,'2024-05-04 14:26:01','2024-05-04 14:26:01'),
(716,'小笠原村','',13,'2024-05-04 14:26:01','2024-05-04 14:26:01'),
(717,'横浜市鶴見区','',14,'2024-05-04 14:26:01','2024-05-04 14:26:01'),
(718,'横浜市神奈川区','',14,'2024-05-04 14:26:01','2024-05-04 14:26:01'),
(719,'横浜市西区','',14,'2024-05-04 14:26:01','2024-05-04 14:26:01'),
(720,'横浜市中区','',14,'2024-05-04 14:26:01','2024-05-04 14:26:01'),
(721,'横浜市南区','',14,'2024-05-04 14:26:01','2024-05-04 14:26:01'),
(722,'横浜市保土ケ谷区','',14,'2024-05-04 14:26:01','2024-05-04 14:26:01'),
(723,'横浜市磯子区','',14,'2024-05-04 14:26:01','2024-05-04 14:26:01'),
(724,'横浜市金沢区','',14,'2024-05-04 14:26:01','2024-05-04 14:26:01'),
(725,'横浜市港北区','',14,'2024-05-04 14:26:01','2024-05-04 14:26:01'),
(726,'横浜市戸塚区','',14,'2024-05-04 14:26:01','2024-05-04 14:26:01'),
(727,'横浜市港南区','',14,'2024-05-04 14:26:01','2024-05-04 14:26:01'),
(728,'横浜市旭区','',14,'2024-05-04 14:26:01','2024-05-04 14:26:01'),
(729,'横浜市緑区','',14,'2024-05-04 14:26:01','2024-05-04 14:26:01'),
(730,'横浜市瀬谷区','',14,'2024-05-04 14:26:01','2024-05-04 14:26:01'),
(731,'横浜市栄区','',14,'2024-05-04 14:26:01','2024-05-04 14:26:01'),
(732,'横浜市泉区','',14,'2024-05-04 14:26:01','2024-05-04 14:26:01'),
(733,'横浜市青葉区','',14,'2024-05-04 14:26:01','2024-05-04 14:26:01'),
(734,'横浜市都筑区','',14,'2024-05-04 14:26:01','2024-05-04 14:26:01'),
(735,'川崎市川崎区','',14,'2024-05-04 14:26:01','2024-05-04 14:26:01'),
(736,'川崎市幸区','',14,'2024-05-04 14:26:01','2024-05-04 14:26:01'),
(737,'川崎市中原区','',14,'2024-05-04 14:26:01','2024-05-04 14:26:01'),
(738,'川崎市高津区','',14,'2024-05-04 14:26:01','2024-05-04 14:26:01'),
(739,'川崎市多摩区','',14,'2024-05-04 14:26:01','2024-05-04 14:26:01'),
(740,'川崎市宮前区','',14,'2024-05-04 14:26:01','2024-05-04 14:26:01'),
(741,'川崎市麻生区','',14,'2024-05-04 14:26:01','2024-05-04 14:26:01'),
(742,'相模原市緑区','',14,'2024-05-04 14:26:01','2024-05-04 14:26:01'),
(743,'相模原市中央区','',14,'2024-05-04 14:26:01','2024-05-04 14:26:01'),
(744,'相模原市南区','',14,'2024-05-04 14:26:01','2024-05-04 14:26:01'),
(745,'横須賀市','',14,'2024-05-04 14:26:01','2024-05-04 14:26:01'),
(746,'平塚市','',14,'2024-05-04 14:26:01','2024-05-04 14:26:01'),
(747,'鎌倉市','',14,'2024-05-04 14:26:01','2024-05-04 14:26:01'),
(748,'藤沢市','',14,'2024-05-04 14:26:01','2024-05-04 14:26:01'),
(749,'小田原市','',14,'2024-05-04 14:26:01','2024-05-04 14:26:01'),
(750,'茅ヶ崎市','',14,'2024-05-04 14:26:01','2024-05-04 14:26:01'),
(751,'逗子市','',14,'2024-05-04 14:26:01','2024-05-04 14:26:01'),
(752,'三浦市','',14,'2024-05-04 14:26:01','2024-05-04 14:26:01'),
(753,'秦野市','',14,'2024-05-04 14:26:01','2024-05-04 14:26:01'),
(754,'厚木市','',14,'2024-05-04 14:26:01','2024-05-04 14:26:01'),
(755,'大和市','',14,'2024-05-04 14:26:01','2024-05-04 14:26:01'),
(756,'伊勢原市','',14,'2024-05-04 14:26:01','2024-05-04 14:26:01'),
(757,'海老名市','',14,'2024-05-04 14:26:01','2024-05-04 14:26:01'),
(758,'座間市','',14,'2024-05-04 14:26:01','2024-05-04 14:26:01'),
(759,'南足柄市','',14,'2024-05-04 14:26:01','2024-05-04 14:26:01'),
(760,'綾瀬市','',14,'2024-05-04 14:26:01','2024-05-04 14:26:01'),
(761,'三浦郡葉山町','',14,'2024-05-04 14:26:01','2024-05-04 14:26:01'),
(762,'高座郡寒川町','',14,'2024-05-04 14:26:01','2024-05-04 14:26:01'),
(763,'中郡大磯町','',14,'2024-05-04 14:26:01','2024-05-04 14:26:01'),
(764,'中郡二宮町','',14,'2024-05-04 14:26:01','2024-05-04 14:26:01'),
(765,'足柄上郡中井町','',14,'2024-05-04 14:26:01','2024-05-04 14:26:01'),
(766,'足柄上郡大井町','',14,'2024-05-04 14:26:01','2024-05-04 14:26:01'),
(767,'足柄上郡松田町','',14,'2024-05-04 14:26:01','2024-05-04 14:26:01'),
(768,'足柄上郡山北町','',14,'2024-05-04 14:26:01','2024-05-04 14:26:01'),
(769,'足柄上郡開成町','',14,'2024-05-04 14:26:01','2024-05-04 14:26:01'),
(770,'足柄下郡箱根町','',14,'2024-05-04 14:26:01','2024-05-04 14:26:01'),
(771,'足柄下郡真鶴町','',14,'2024-05-04 14:26:01','2024-05-04 14:26:01'),
(772,'足柄下郡湯河原町','',14,'2024-05-04 14:26:01','2024-05-04 14:26:01'),
(773,'愛甲郡愛川町','',14,'2024-05-04 14:26:01','2024-05-04 14:26:01'),
(774,'愛甲郡清川村','',14,'2024-05-04 14:26:01','2024-05-04 14:26:01'),
(775,'新潟市北区','',15,'2024-05-04 14:26:01','2024-05-04 14:26:01'),
(776,'新潟市東区','',15,'2024-05-04 14:26:01','2024-05-04 14:26:01'),
(777,'新潟市中央区','',15,'2024-05-04 14:26:01','2024-05-04 14:26:01'),
(778,'新潟市江南区','',15,'2024-05-04 14:26:01','2024-05-04 14:26:01'),
(779,'新潟市秋葉区','',15,'2024-05-04 14:26:01','2024-05-04 14:26:01'),
(780,'新潟市南区','',15,'2024-05-04 14:26:01','2024-05-04 14:26:01'),
(781,'新潟市西区','',15,'2024-05-04 14:26:01','2024-05-04 14:26:01'),
(782,'新潟市西蒲区','',15,'2024-05-04 14:26:01','2024-05-04 14:26:01'),
(783,'長岡市','',15,'2024-05-04 14:26:01','2024-05-04 14:26:01'),
(784,'三条市','',15,'2024-05-04 14:26:01','2024-05-04 14:26:01'),
(785,'柏崎市','',15,'2024-05-04 14:26:01','2024-05-04 14:26:01'),
(786,'新発田市','',15,'2024-05-04 14:26:01','2024-05-04 14:26:01'),
(787,'小千谷市','',15,'2024-05-04 14:26:01','2024-05-04 14:26:01'),
(788,'加茂市','',15,'2024-05-04 14:26:01','2024-05-04 14:26:01'),
(789,'十日町市','',15,'2024-05-04 14:26:01','2024-05-04 14:26:01'),
(790,'見附市','',15,'2024-05-04 14:26:01','2024-05-04 14:26:01'),
(791,'村上市','',15,'2024-05-04 14:26:01','2024-05-04 14:26:01'),
(792,'燕市','',15,'2024-05-04 14:26:01','2024-05-04 14:26:01'),
(793,'糸魚川市','',15,'2024-05-04 14:26:01','2024-05-04 14:26:01'),
(794,'妙高市','',15,'2024-05-04 14:26:01','2024-05-04 14:26:01'),
(795,'五泉市','',15,'2024-05-04 14:26:01','2024-05-04 14:26:01'),
(796,'上越市','',15,'2024-05-04 14:26:01','2024-05-04 14:26:01'),
(797,'阿賀野市','',15,'2024-05-04 14:26:01','2024-05-04 14:26:01'),
(798,'佐渡市','',15,'2024-05-04 14:26:01','2024-05-04 14:26:01'),
(799,'魚沼市','',15,'2024-05-04 14:26:01','2024-05-04 14:26:01'),
(800,'南魚沼市','',15,'2024-05-04 14:26:01','2024-05-04 14:26:01'),
(801,'胎内市','',15,'2024-05-04 14:26:01','2024-05-04 14:26:01'),
(802,'北蒲原郡聖籠町','',15,'2024-05-04 14:26:01','2024-05-04 14:26:01'),
(803,'西蒲原郡弥彦村','',15,'2024-05-04 14:26:01','2024-05-04 14:26:01'),
(804,'南蒲原郡田上町','',15,'2024-05-04 14:26:01','2024-05-04 14:26:01'),
(805,'東蒲原郡阿賀町','',15,'2024-05-04 14:26:01','2024-05-04 14:26:01'),
(806,'三島郡出雲崎町','',15,'2024-05-04 14:26:01','2024-05-04 14:26:01'),
(807,'南魚沼郡湯沢町','',15,'2024-05-04 14:26:01','2024-05-04 14:26:01'),
(808,'中魚沼郡津南町','',15,'2024-05-04 14:26:01','2024-05-04 14:26:01'),
(809,'刈羽郡刈羽村','',15,'2024-05-04 14:26:01','2024-05-04 14:26:01'),
(810,'岩船郡関川村','',15,'2024-05-04 14:26:01','2024-05-04 14:26:01'),
(811,'岩船郡粟島浦村','',15,'2024-05-04 14:26:01','2024-05-04 14:26:01'),
(812,'富山市','',16,'2024-05-04 14:26:01','2024-05-04 14:26:01'),
(813,'高岡市','',16,'2024-05-04 14:26:01','2024-05-04 14:26:01'),
(814,'魚津市','',16,'2024-05-04 14:26:01','2024-05-04 14:26:01'),
(815,'氷見市','',16,'2024-05-04 14:26:01','2024-05-04 14:26:01'),
(816,'滑川市','',16,'2024-05-04 14:26:01','2024-05-04 14:26:01'),
(817,'黒部市','',16,'2024-05-04 14:26:01','2024-05-04 14:26:01'),
(818,'砺波市','',16,'2024-05-04 14:26:01','2024-05-04 14:26:01'),
(819,'小矢部市','',16,'2024-05-04 14:26:01','2024-05-04 14:26:01'),
(820,'南砺市','',16,'2024-05-04 14:26:01','2024-05-04 14:26:01'),
(821,'射水市','',16,'2024-05-04 14:26:01','2024-05-04 14:26:01'),
(822,'中新川郡舟橋村','',16,'2024-05-04 14:26:01','2024-05-04 14:26:01'),
(823,'中新川郡上市町','',16,'2024-05-04 14:26:01','2024-05-04 14:26:01'),
(824,'中新川郡立山町','',16,'2024-05-04 14:26:01','2024-05-04 14:26:01'),
(825,'下新川郡入善町','',16,'2024-05-04 14:26:01','2024-05-04 14:26:01'),
(826,'下新川郡朝日町','',16,'2024-05-04 14:26:01','2024-05-04 14:26:01'),
(827,'金沢市','',17,'2024-05-04 14:26:01','2024-05-04 14:26:01'),
(828,'七尾市','',17,'2024-05-04 14:26:01','2024-05-04 14:26:01'),
(829,'小松市','',17,'2024-05-04 14:26:01','2024-05-04 14:26:01'),
(830,'輪島市','',17,'2024-05-04 14:26:01','2024-05-04 14:26:01'),
(831,'珠洲市','',17,'2024-05-04 14:26:01','2024-05-04 14:26:01'),
(832,'加賀市','',17,'2024-05-04 14:26:01','2024-05-04 14:26:01'),
(833,'羽咋市','',17,'2024-05-04 14:26:01','2024-05-04 14:26:01'),
(834,'かほく市','',17,'2024-05-04 14:26:01','2024-05-04 14:26:01'),
(835,'白山市','',17,'2024-05-04 14:26:01','2024-05-04 14:26:01'),
(836,'能美市','',17,'2024-05-04 14:26:01','2024-05-04 14:26:01'),
(837,'野々市市','',17,'2024-05-04 14:26:01','2024-05-04 14:26:01'),
(838,'能美郡川北町','',17,'2024-05-04 14:26:01','2024-05-04 14:26:01'),
(839,'河北郡津幡町','',17,'2024-05-04 14:26:01','2024-05-04 14:26:01'),
(840,'河北郡内灘町','',17,'2024-05-04 14:26:01','2024-05-04 14:26:01'),
(841,'羽咋郡志賀町','',17,'2024-05-04 14:26:01','2024-05-04 14:26:01'),
(842,'羽咋郡宝達志水町','',17,'2024-05-04 14:26:01','2024-05-04 14:26:01'),
(843,'鹿島郡中能登町','',17,'2024-05-04 14:26:01','2024-05-04 14:26:01'),
(844,'鳳珠郡穴水町','',17,'2024-05-04 14:26:01','2024-05-04 14:26:01'),
(845,'鳳珠郡能登町','',17,'2024-05-04 14:26:01','2024-05-04 14:26:01'),
(846,'福井市','',18,'2024-05-04 14:26:01','2024-05-04 14:26:01'),
(847,'敦賀市','',18,'2024-05-04 14:26:01','2024-05-04 14:26:01'),
(848,'小浜市','',18,'2024-05-04 14:26:01','2024-05-04 14:26:01'),
(849,'大野市','',18,'2024-05-04 14:26:01','2024-05-04 14:26:01'),
(850,'勝山市','',18,'2024-05-04 14:26:01','2024-05-04 14:26:01'),
(851,'鯖江市','',18,'2024-05-04 14:26:01','2024-05-04 14:26:01'),
(852,'あわら市','',18,'2024-05-04 14:26:01','2024-05-04 14:26:01'),
(853,'越前市','',18,'2024-05-04 14:26:01','2024-05-04 14:26:01'),
(854,'坂井市','',18,'2024-05-04 14:26:01','2024-05-04 14:26:01'),
(855,'吉田郡永平寺町','',18,'2024-05-04 14:26:01','2024-05-04 14:26:01'),
(856,'今立郡池田町','',18,'2024-05-04 14:26:01','2024-05-04 14:26:01'),
(857,'南条郡南越前町','',18,'2024-05-04 14:26:01','2024-05-04 14:26:01'),
(858,'丹生郡越前町','',18,'2024-05-04 14:26:01','2024-05-04 14:26:01'),
(859,'三方郡美浜町','',18,'2024-05-04 14:26:01','2024-05-04 14:26:01'),
(860,'大飯郡高浜町','',18,'2024-05-04 14:26:01','2024-05-04 14:26:01'),
(861,'大飯郡おおい町','',18,'2024-05-04 14:26:01','2024-05-04 14:26:01'),
(862,'三方上中郡若狭町','',18,'2024-05-04 14:26:01','2024-05-04 14:26:01'),
(863,'甲府市','',19,'2024-05-04 14:26:01','2024-05-04 14:26:01'),
(864,'富士吉田市','',19,'2024-05-04 14:26:01','2024-05-04 14:26:01'),
(865,'都留市','',19,'2024-05-04 14:26:01','2024-05-04 14:26:01'),
(866,'山梨市','',19,'2024-05-04 14:26:01','2024-05-04 14:26:01'),
(867,'大月市','',19,'2024-05-04 14:26:01','2024-05-04 14:26:01'),
(868,'韮崎市','',19,'2024-05-04 14:26:01','2024-05-04 14:26:01'),
(869,'南アルプス市','',19,'2024-05-04 14:26:01','2024-05-04 14:26:01'),
(870,'北杜市','',19,'2024-05-04 14:26:01','2024-05-04 14:26:01'),
(871,'甲斐市','',19,'2024-05-04 14:26:01','2024-05-04 14:26:01'),
(872,'笛吹市','',19,'2024-05-04 14:26:01','2024-05-04 14:26:01'),
(873,'上野原市','',19,'2024-05-04 14:26:01','2024-05-04 14:26:01'),
(874,'甲州市','',19,'2024-05-04 14:26:01','2024-05-04 14:26:01'),
(875,'中央市','',19,'2024-05-04 14:26:01','2024-05-04 14:26:01'),
(876,'西八代郡市川三郷町','',19,'2024-05-04 14:26:01','2024-05-04 14:26:01'),
(877,'南巨摩郡早川町','',19,'2024-05-04 14:26:01','2024-05-04 14:26:01'),
(878,'南巨摩郡身延町','',19,'2024-05-04 14:26:01','2024-05-04 14:26:01'),
(879,'南巨摩郡南部町','',19,'2024-05-04 14:26:01','2024-05-04 14:26:01'),
(880,'南巨摩郡富士川町','',19,'2024-05-04 14:26:01','2024-05-04 14:26:01'),
(881,'中巨摩郡昭和町','',19,'2024-05-04 14:26:01','2024-05-04 14:26:01'),
(882,'南都留郡道志村','',19,'2024-05-04 14:26:01','2024-05-04 14:26:01'),
(883,'南都留郡西桂町','',19,'2024-05-04 14:26:01','2024-05-04 14:26:01'),
(884,'南都留郡忍野村','',19,'2024-05-04 14:26:01','2024-05-04 14:26:01'),
(885,'南都留郡山中湖村','',19,'2024-05-04 14:26:01','2024-05-04 14:26:01'),
(886,'南都留郡鳴沢村','',19,'2024-05-04 14:26:01','2024-05-04 14:26:01'),
(887,'南都留郡富士河口湖町','',19,'2024-05-04 14:26:01','2024-05-04 14:26:01'),
(888,'北都留郡小菅村','',19,'2024-05-04 14:26:01','2024-05-04 14:26:01'),
(889,'北都留郡丹波山村','',19,'2024-05-04 14:26:01','2024-05-04 14:26:01'),
(890,'長野市','',20,'2024-05-04 14:26:01','2024-05-04 14:26:01'),
(891,'松本市','',20,'2024-05-04 14:26:01','2024-05-04 14:26:01'),
(892,'上田市','',20,'2024-05-04 14:26:01','2024-05-04 14:26:01'),
(893,'岡谷市','',20,'2024-05-04 14:26:01','2024-05-04 14:26:01'),
(894,'飯田市','',20,'2024-05-04 14:26:01','2024-05-04 14:26:01'),
(895,'諏訪市','',20,'2024-05-04 14:26:01','2024-05-04 14:26:01'),
(896,'須坂市','',20,'2024-05-04 14:26:01','2024-05-04 14:26:01'),
(897,'小諸市','',20,'2024-05-04 14:26:01','2024-05-04 14:26:01'),
(898,'伊那市','',20,'2024-05-04 14:26:01','2024-05-04 14:26:01'),
(899,'駒ヶ根市','',20,'2024-05-04 14:26:01','2024-05-04 14:26:01'),
(900,'中野市','',20,'2024-05-04 14:26:01','2024-05-04 14:26:01'),
(901,'大町市','',20,'2024-05-04 14:26:01','2024-05-04 14:26:01'),
(902,'飯山市','',20,'2024-05-04 14:26:01','2024-05-04 14:26:01'),
(903,'茅野市','',20,'2024-05-04 14:26:01','2024-05-04 14:26:01'),
(904,'塩尻市','',20,'2024-05-04 14:26:01','2024-05-04 14:26:01'),
(905,'佐久市','',20,'2024-05-04 14:26:01','2024-05-04 14:26:01'),
(906,'千曲市','',20,'2024-05-04 14:26:01','2024-05-04 14:26:01'),
(907,'東御市','',20,'2024-05-04 14:26:01','2024-05-04 14:26:01'),
(908,'安曇野市','',20,'2024-05-04 14:26:01','2024-05-04 14:26:01'),
(909,'南佐久郡小海町','',20,'2024-05-04 14:26:01','2024-05-04 14:26:01'),
(910,'南佐久郡川上村','',20,'2024-05-04 14:26:01','2024-05-04 14:26:01'),
(911,'南佐久郡南牧村','',20,'2024-05-04 14:26:01','2024-05-04 14:26:01'),
(912,'南佐久郡南相木村','',20,'2024-05-04 14:26:01','2024-05-04 14:26:01'),
(913,'南佐久郡北相木村','',20,'2024-05-04 14:26:01','2024-05-04 14:26:01'),
(914,'南佐久郡佐久穂町','',20,'2024-05-04 14:26:01','2024-05-04 14:26:01'),
(915,'北佐久郡軽井沢町','',20,'2024-05-04 14:26:01','2024-05-04 14:26:01'),
(916,'北佐久郡御代田町','',20,'2024-05-04 14:26:01','2024-05-04 14:26:01'),
(917,'北佐久郡立科町','',20,'2024-05-04 14:26:01','2024-05-04 14:26:01'),
(918,'小県郡青木村','',20,'2024-05-04 14:26:01','2024-05-04 14:26:01'),
(919,'小県郡長和町','',20,'2024-05-04 14:26:01','2024-05-04 14:26:01'),
(920,'諏訪郡下諏訪町','',20,'2024-05-04 14:26:01','2024-05-04 14:26:01'),
(921,'諏訪郡富士見町','',20,'2024-05-04 14:26:01','2024-05-04 14:26:01'),
(922,'諏訪郡原村','',20,'2024-05-04 14:26:01','2024-05-04 14:26:01'),
(923,'上伊那郡辰野町','',20,'2024-05-04 14:26:01','2024-05-04 14:26:01'),
(924,'上伊那郡箕輪町','',20,'2024-05-04 14:26:01','2024-05-04 14:26:01'),
(925,'上伊那郡飯島町','',20,'2024-05-04 14:26:01','2024-05-04 14:26:01'),
(926,'上伊那郡南箕輪村','',20,'2024-05-04 14:26:01','2024-05-04 14:26:01'),
(927,'上伊那郡中川村','',20,'2024-05-04 14:26:01','2024-05-04 14:26:01'),
(928,'上伊那郡宮田村','',20,'2024-05-04 14:26:01','2024-05-04 14:26:01'),
(929,'下伊那郡松川町','',20,'2024-05-04 14:26:01','2024-05-04 14:26:01'),
(930,'下伊那郡高森町','',20,'2024-05-04 14:26:01','2024-05-04 14:26:01'),
(931,'下伊那郡阿南町','',20,'2024-05-04 14:26:01','2024-05-04 14:26:01'),
(932,'下伊那郡阿智村','',20,'2024-05-04 14:26:01','2024-05-04 14:26:01'),
(933,'下伊那郡平谷村','',20,'2024-05-04 14:26:01','2024-05-04 14:26:01'),
(934,'下伊那郡根羽村','',20,'2024-05-04 14:26:01','2024-05-04 14:26:01'),
(935,'下伊那郡下條村','',20,'2024-05-04 14:26:01','2024-05-04 14:26:01'),
(936,'下伊那郡売木村','',20,'2024-05-04 14:26:01','2024-05-04 14:26:01'),
(937,'下伊那郡天龍村','',20,'2024-05-04 14:26:01','2024-05-04 14:26:01'),
(938,'下伊那郡泰阜村','',20,'2024-05-04 14:26:01','2024-05-04 14:26:01'),
(939,'下伊那郡喬木村','',20,'2024-05-04 14:26:01','2024-05-04 14:26:01'),
(940,'下伊那郡豊丘村','',20,'2024-05-04 14:26:01','2024-05-04 14:26:01'),
(941,'下伊那郡大鹿村','',20,'2024-05-04 14:26:01','2024-05-04 14:26:01'),
(942,'木曽郡上松町','',20,'2024-05-04 14:26:01','2024-05-04 14:26:01'),
(943,'木曽郡南木曽町','',20,'2024-05-04 14:26:01','2024-05-04 14:26:01'),
(944,'木曽郡木祖村','',20,'2024-05-04 14:26:01','2024-05-04 14:26:01'),
(945,'木曽郡王滝村','',20,'2024-05-04 14:26:01','2024-05-04 14:26:01'),
(946,'木曽郡大桑村','',20,'2024-05-04 14:26:01','2024-05-04 14:26:01'),
(947,'木曽郡木曽町','',20,'2024-05-04 14:26:01','2024-05-04 14:26:01'),
(948,'東筑摩郡麻績村','',20,'2024-05-04 14:26:01','2024-05-04 14:26:01'),
(949,'東筑摩郡生坂村','',20,'2024-05-04 14:26:01','2024-05-04 14:26:01'),
(950,'東筑摩郡山形村','',20,'2024-05-04 14:26:01','2024-05-04 14:26:01'),
(951,'東筑摩郡朝日村','',20,'2024-05-04 14:26:01','2024-05-04 14:26:01'),
(952,'東筑摩郡筑北村','',20,'2024-05-04 14:26:01','2024-05-04 14:26:01'),
(953,'北安曇郡池田町','',20,'2024-05-04 14:26:01','2024-05-04 14:26:01'),
(954,'北安曇郡松川村','',20,'2024-05-04 14:26:01','2024-05-04 14:26:01'),
(955,'北安曇郡白馬村','',20,'2024-05-04 14:26:01','2024-05-04 14:26:01'),
(956,'北安曇郡小谷村','',20,'2024-05-04 14:26:01','2024-05-04 14:26:01'),
(957,'埴科郡坂城町','',20,'2024-05-04 14:26:01','2024-05-04 14:26:01'),
(958,'上高井郡小布施町','',20,'2024-05-04 14:26:01','2024-05-04 14:26:01'),
(959,'上高井郡高山村','',20,'2024-05-04 14:26:01','2024-05-04 14:26:01'),
(960,'下高井郡山ノ内町','',20,'2024-05-04 14:26:01','2024-05-04 14:26:01'),
(961,'下高井郡木島平村','',20,'2024-05-04 14:26:01','2024-05-04 14:26:01'),
(962,'下高井郡野沢温泉村','',20,'2024-05-04 14:26:01','2024-05-04 14:26:01'),
(963,'上水内郡信濃町','',20,'2024-05-04 14:26:01','2024-05-04 14:26:01'),
(964,'上水内郡小川村','',20,'2024-05-04 14:26:01','2024-05-04 14:26:01'),
(965,'上水内郡飯綱町','',20,'2024-05-04 14:26:01','2024-05-04 14:26:01'),
(966,'下水内郡栄村','',20,'2024-05-04 14:26:01','2024-05-04 14:26:01'),
(967,'岐阜市','',21,'2024-05-04 14:26:01','2024-05-04 14:26:01'),
(968,'大垣市','',21,'2024-05-04 14:26:01','2024-05-04 14:26:01'),
(969,'高山市','',21,'2024-05-04 14:26:01','2024-05-04 14:26:01'),
(970,'多治見市','',21,'2024-05-04 14:26:01','2024-05-04 14:26:01'),
(971,'関市','',21,'2024-05-04 14:26:01','2024-05-04 14:26:01'),
(972,'中津川市','',21,'2024-05-04 14:26:01','2024-05-04 14:26:01'),
(973,'美濃市','',21,'2024-05-04 14:26:01','2024-05-04 14:26:01'),
(974,'瑞浪市','',21,'2024-05-04 14:26:01','2024-05-04 14:26:01'),
(975,'羽島市','',21,'2024-05-04 14:26:01','2024-05-04 14:26:01'),
(976,'恵那市','',21,'2024-05-04 14:26:01','2024-05-04 14:26:01'),
(977,'美濃加茂市','',21,'2024-05-04 14:26:01','2024-05-04 14:26:01'),
(978,'土岐市','',21,'2024-05-04 14:26:01','2024-05-04 14:26:01'),
(979,'各務原市','',21,'2024-05-04 14:26:01','2024-05-04 14:26:01'),
(980,'可児市','',21,'2024-05-04 14:26:01','2024-05-04 14:26:01'),
(981,'山県市','',21,'2024-05-04 14:26:01','2024-05-04 14:26:01'),
(982,'瑞穂市','',21,'2024-05-04 14:26:01','2024-05-04 14:26:01'),
(983,'飛騨市','',21,'2024-05-04 14:26:01','2024-05-04 14:26:01'),
(984,'本巣市','',21,'2024-05-04 14:26:01','2024-05-04 14:26:01'),
(985,'郡上市','',21,'2024-05-04 14:26:01','2024-05-04 14:26:01'),
(986,'下呂市','',21,'2024-05-04 14:26:01','2024-05-04 14:26:01'),
(987,'海津市','',21,'2024-05-04 14:26:01','2024-05-04 14:26:01'),
(988,'羽島郡岐南町','',21,'2024-05-04 14:26:01','2024-05-04 14:26:01'),
(989,'羽島郡笠松町','',21,'2024-05-04 14:26:01','2024-05-04 14:26:01'),
(990,'養老郡養老町','',21,'2024-05-04 14:26:01','2024-05-04 14:26:01'),
(991,'不破郡垂井町','',21,'2024-05-04 14:26:01','2024-05-04 14:26:01'),
(992,'不破郡関ケ原町','',21,'2024-05-04 14:26:01','2024-05-04 14:26:01'),
(993,'安八郡神戸町','',21,'2024-05-04 14:26:01','2024-05-04 14:26:01'),
(994,'安八郡輪之内町','',21,'2024-05-04 14:26:01','2024-05-04 14:26:01'),
(995,'安八郡安八町','',21,'2024-05-04 14:26:01','2024-05-04 14:26:01'),
(996,'揖斐郡揖斐川町','',21,'2024-05-04 14:26:01','2024-05-04 14:26:01'),
(997,'揖斐郡大野町','',21,'2024-05-04 14:26:01','2024-05-04 14:26:01'),
(998,'揖斐郡池田町','',21,'2024-05-04 14:26:01','2024-05-04 14:26:01'),
(999,'本巣郡北方町','',21,'2024-05-04 14:26:01','2024-05-04 14:26:01'),
(1000,'加茂郡坂祝町','',21,'2024-05-04 14:26:01','2024-05-04 14:26:01'),
(1001,'加茂郡富加町','',21,'2024-05-04 14:26:01','2024-05-04 14:26:01'),
(1002,'加茂郡川辺町','',21,'2024-05-04 14:26:01','2024-05-04 14:26:01'),
(1003,'加茂郡七宗町','',21,'2024-05-04 14:26:01','2024-05-04 14:26:01'),
(1004,'加茂郡八百津町','',21,'2024-05-04 14:26:01','2024-05-04 14:26:01'),
(1005,'加茂郡白川町','',21,'2024-05-04 14:26:01','2024-05-04 14:26:01'),
(1006,'加茂郡東白川村','',21,'2024-05-04 14:26:01','2024-05-04 14:26:01'),
(1007,'可児郡御嵩町','',21,'2024-05-04 14:26:01','2024-05-04 14:26:01'),
(1008,'大野郡白川村','',21,'2024-05-04 14:26:01','2024-05-04 14:26:01'),
(1009,'静岡市葵区','',22,'2024-05-04 14:26:01','2024-05-04 14:26:01'),
(1010,'静岡市駿河区','',22,'2024-05-04 14:26:01','2024-05-04 14:26:01'),
(1011,'静岡市清水区','',22,'2024-05-04 14:26:01','2024-05-04 14:26:01'),
(1012,'浜松市中区','',22,'2024-05-04 14:26:01','2024-05-04 14:26:01'),
(1013,'浜松市東区','',22,'2024-05-04 14:26:01','2024-05-04 14:26:01'),
(1014,'浜松市西区','',22,'2024-05-04 14:26:01','2024-05-04 14:26:01'),
(1015,'浜松市南区','',22,'2024-05-04 14:26:01','2024-05-04 14:26:01'),
(1016,'浜松市北区','',22,'2024-05-04 14:26:01','2024-05-04 14:26:01'),
(1017,'浜松市浜北区','',22,'2024-05-04 14:26:01','2024-05-04 14:26:01'),
(1018,'浜松市天竜区','',22,'2024-05-04 14:26:01','2024-05-04 14:26:01'),
(1019,'沼津市','',22,'2024-05-04 14:26:01','2024-05-04 14:26:01'),
(1020,'熱海市','',22,'2024-05-04 14:26:01','2024-05-04 14:26:01'),
(1021,'三島市','',22,'2024-05-04 14:26:01','2024-05-04 14:26:01'),
(1022,'富士宮市','',22,'2024-05-04 14:26:01','2024-05-04 14:26:01'),
(1023,'伊東市','',22,'2024-05-04 14:26:01','2024-05-04 14:26:01'),
(1024,'島田市','',22,'2024-05-04 14:26:01','2024-05-04 14:26:01'),
(1025,'富士市','',22,'2024-05-04 14:26:01','2024-05-04 14:26:01'),
(1026,'磐田市','',22,'2024-05-04 14:26:01','2024-05-04 14:26:01'),
(1027,'焼津市','',22,'2024-05-04 14:26:01','2024-05-04 14:26:01'),
(1028,'掛川市','',22,'2024-05-04 14:26:01','2024-05-04 14:26:01'),
(1029,'藤枝市','',22,'2024-05-04 14:26:01','2024-05-04 14:26:01'),
(1030,'御殿場市','',22,'2024-05-04 14:26:01','2024-05-04 14:26:01'),
(1031,'袋井市','',22,'2024-05-04 14:26:01','2024-05-04 14:26:01'),
(1032,'下田市','',22,'2024-05-04 14:26:01','2024-05-04 14:26:01'),
(1033,'裾野市','',22,'2024-05-04 14:26:01','2024-05-04 14:26:01'),
(1034,'湖西市','',22,'2024-05-04 14:26:01','2024-05-04 14:26:01'),
(1035,'伊豆市','',22,'2024-05-04 14:26:01','2024-05-04 14:26:01'),
(1036,'御前崎市','',22,'2024-05-04 14:26:01','2024-05-04 14:26:01'),
(1037,'菊川市','',22,'2024-05-04 14:26:01','2024-05-04 14:26:01'),
(1038,'伊豆の国市','',22,'2024-05-04 14:26:01','2024-05-04 14:26:01'),
(1039,'牧之原市','',22,'2024-05-04 14:26:01','2024-05-04 14:26:01'),
(1040,'賀茂郡東伊豆町','',22,'2024-05-04 14:26:01','2024-05-04 14:26:01'),
(1041,'賀茂郡河津町','',22,'2024-05-04 14:26:01','2024-05-04 14:26:01'),
(1042,'賀茂郡南伊豆町','',22,'2024-05-04 14:26:01','2024-05-04 14:26:01'),
(1043,'賀茂郡松崎町','',22,'2024-05-04 14:26:01','2024-05-04 14:26:01'),
(1044,'賀茂郡西伊豆町','',22,'2024-05-04 14:26:01','2024-05-04 14:26:01'),
(1045,'田方郡函南町','',22,'2024-05-04 14:26:01','2024-05-04 14:26:01'),
(1046,'駿東郡清水町','',22,'2024-05-04 14:26:01','2024-05-04 14:26:01'),
(1047,'駿東郡長泉町','',22,'2024-05-04 14:26:01','2024-05-04 14:26:01'),
(1048,'駿東郡小山町','',22,'2024-05-04 14:26:01','2024-05-04 14:26:01'),
(1049,'榛原郡吉田町','',22,'2024-05-04 14:26:01','2024-05-04 14:26:01'),
(1050,'榛原郡川根本町','',22,'2024-05-04 14:26:01','2024-05-04 14:26:01'),
(1051,'周智郡森町','',22,'2024-05-04 14:26:01','2024-05-04 14:26:01'),
(1052,'名古屋市千種区','',23,'2024-05-04 14:26:01','2024-05-04 14:26:01'),
(1053,'名古屋市東区','',23,'2024-05-04 14:26:01','2024-05-04 14:26:01'),
(1054,'名古屋市北区','',23,'2024-05-04 14:26:01','2024-05-04 14:26:01'),
(1055,'名古屋市西区','',23,'2024-05-04 14:26:01','2024-05-04 14:26:01'),
(1056,'名古屋市中村区','',23,'2024-05-04 14:26:01','2024-05-04 14:26:01'),
(1057,'名古屋市中区','',23,'2024-05-04 14:26:01','2024-05-04 14:26:01'),
(1058,'名古屋市昭和区','',23,'2024-05-04 14:26:01','2024-05-04 14:26:01'),
(1059,'名古屋市瑞穂区','',23,'2024-05-04 14:26:01','2024-05-04 14:26:01'),
(1060,'名古屋市熱田区','',23,'2024-05-04 14:26:01','2024-05-04 14:26:01'),
(1061,'名古屋市中川区','',23,'2024-05-04 14:26:01','2024-05-04 14:26:01'),
(1062,'名古屋市港区','',23,'2024-05-04 14:26:01','2024-05-04 14:26:01'),
(1063,'名古屋市南区','',23,'2024-05-04 14:26:01','2024-05-04 14:26:01'),
(1064,'名古屋市守山区','',23,'2024-05-04 14:26:01','2024-05-04 14:26:01'),
(1065,'名古屋市緑区','',23,'2024-05-04 14:26:01','2024-05-04 14:26:01'),
(1066,'名古屋市名東区','',23,'2024-05-04 14:26:01','2024-05-04 14:26:01'),
(1067,'名古屋市天白区','',23,'2024-05-04 14:26:01','2024-05-04 14:26:01'),
(1068,'豊橋市','',23,'2024-05-04 14:26:01','2024-05-04 14:26:01'),
(1069,'岡崎市','',23,'2024-05-04 14:26:01','2024-05-04 14:26:01'),
(1070,'一宮市','',23,'2024-05-04 14:26:01','2024-05-04 14:26:01'),
(1071,'瀬戸市','',23,'2024-05-04 14:26:01','2024-05-04 14:26:01'),
(1072,'半田市','',23,'2024-05-04 14:26:01','2024-05-04 14:26:01'),
(1073,'春日井市','',23,'2024-05-04 14:26:01','2024-05-04 14:26:01'),
(1074,'豊川市','',23,'2024-05-04 14:26:01','2024-05-04 14:26:01'),
(1075,'津島市','',23,'2024-05-04 14:26:01','2024-05-04 14:26:01'),
(1076,'碧南市','',23,'2024-05-04 14:26:01','2024-05-04 14:26:01'),
(1077,'刈谷市','',23,'2024-05-04 14:26:01','2024-05-04 14:26:01'),
(1078,'豊田市','',23,'2024-05-04 14:26:01','2024-05-04 14:26:01'),
(1079,'安城市','',23,'2024-05-04 14:26:01','2024-05-04 14:26:01'),
(1080,'西尾市','',23,'2024-05-04 14:26:01','2024-05-04 14:26:01'),
(1081,'蒲郡市','',23,'2024-05-04 14:26:01','2024-05-04 14:26:01'),
(1082,'犬山市','',23,'2024-05-04 14:26:01','2024-05-04 14:26:01'),
(1083,'常滑市','',23,'2024-05-04 14:26:01','2024-05-04 14:26:01'),
(1084,'江南市','',23,'2024-05-04 14:26:01','2024-05-04 14:26:01'),
(1085,'小牧市','',23,'2024-05-04 14:26:01','2024-05-04 14:26:01'),
(1086,'稲沢市','',23,'2024-05-04 14:26:01','2024-05-04 14:26:01'),
(1087,'新城市','',23,'2024-05-04 14:26:01','2024-05-04 14:26:01'),
(1088,'東海市','',23,'2024-05-04 14:26:01','2024-05-04 14:26:01'),
(1089,'大府市','',23,'2024-05-04 14:26:01','2024-05-04 14:26:01'),
(1090,'知多市','',23,'2024-05-04 14:26:01','2024-05-04 14:26:01'),
(1091,'知立市','',23,'2024-05-04 14:26:01','2024-05-04 14:26:01'),
(1092,'尾張旭市','',23,'2024-05-04 14:26:01','2024-05-04 14:26:01'),
(1093,'高浜市','',23,'2024-05-04 14:26:01','2024-05-04 14:26:01'),
(1094,'岩倉市','',23,'2024-05-04 14:26:01','2024-05-04 14:26:01'),
(1095,'豊明市','',23,'2024-05-04 14:26:01','2024-05-04 14:26:01'),
(1096,'日進市','',23,'2024-05-04 14:26:01','2024-05-04 14:26:01'),
(1097,'田原市','',23,'2024-05-04 14:26:01','2024-05-04 14:26:01'),
(1098,'愛西市','',23,'2024-05-04 14:26:01','2024-05-04 14:26:01'),
(1099,'清須市','',23,'2024-05-04 14:26:01','2024-05-04 14:26:01'),
(1100,'北名古屋市','',23,'2024-05-04 14:26:01','2024-05-04 14:26:01'),
(1101,'弥富市','',23,'2024-05-04 14:26:01','2024-05-04 14:26:01'),
(1102,'みよし市','',23,'2024-05-04 14:26:01','2024-05-04 14:26:01'),
(1103,'あま市','',23,'2024-05-04 14:26:01','2024-05-04 14:26:01'),
(1104,'長久手市','',23,'2024-05-04 14:26:01','2024-05-04 14:26:01'),
(1105,'愛知郡東郷町','',23,'2024-05-04 14:26:01','2024-05-04 14:26:01'),
(1106,'西春日井郡豊山町','',23,'2024-05-04 14:26:01','2024-05-04 14:26:01'),
(1107,'丹羽郡大口町','',23,'2024-05-04 14:26:01','2024-05-04 14:26:01'),
(1108,'丹羽郡扶桑町','',23,'2024-05-04 14:26:01','2024-05-04 14:26:01'),
(1109,'海部郡大治町','',23,'2024-05-04 14:26:01','2024-05-04 14:26:01'),
(1110,'海部郡蟹江町','',23,'2024-05-04 14:26:01','2024-05-04 14:26:01'),
(1111,'海部郡飛島村','',23,'2024-05-04 14:26:01','2024-05-04 14:26:01'),
(1112,'知多郡阿久比町','',23,'2024-05-04 14:26:01','2024-05-04 14:26:01'),
(1113,'知多郡東浦町','',23,'2024-05-04 14:26:01','2024-05-04 14:26:01'),
(1114,'知多郡南知多町','',23,'2024-05-04 14:26:01','2024-05-04 14:26:01'),
(1115,'知多郡美浜町','',23,'2024-05-04 14:26:01','2024-05-04 14:26:01'),
(1116,'知多郡武豊町','',23,'2024-05-04 14:26:01','2024-05-04 14:26:01'),
(1117,'額田郡幸田町','',23,'2024-05-04 14:26:01','2024-05-04 14:26:01'),
(1118,'北設楽郡設楽町','',23,'2024-05-04 14:26:01','2024-05-04 14:26:01'),
(1119,'北設楽郡東栄町','',23,'2024-05-04 14:26:01','2024-05-04 14:26:01'),
(1120,'北設楽郡豊根村','',23,'2024-05-04 14:26:01','2024-05-04 14:26:01'),
(1121,'津市','',24,'2024-05-04 14:26:01','2024-05-04 14:26:01'),
(1122,'四日市市','',24,'2024-05-04 14:26:01','2024-05-04 14:26:01'),
(1123,'伊勢市','',24,'2024-05-04 14:26:01','2024-05-04 14:26:01'),
(1124,'松阪市','',24,'2024-05-04 14:26:01','2024-05-04 14:26:01'),
(1125,'桑名市','',24,'2024-05-04 14:26:01','2024-05-04 14:26:01'),
(1126,'鈴鹿市','',24,'2024-05-04 14:26:01','2024-05-04 14:26:01'),
(1127,'名張市','',24,'2024-05-04 14:26:01','2024-05-04 14:26:01'),
(1128,'尾鷲市','',24,'2024-05-04 14:26:01','2024-05-04 14:26:01'),
(1129,'亀山市','',24,'2024-05-04 14:26:01','2024-05-04 14:26:01'),
(1130,'鳥羽市','',24,'2024-05-04 14:26:01','2024-05-04 14:26:01'),
(1131,'熊野市','',24,'2024-05-04 14:26:01','2024-05-04 14:26:01'),
(1132,'いなべ市','',24,'2024-05-04 14:26:01','2024-05-04 14:26:01'),
(1133,'志摩市','',24,'2024-05-04 14:26:01','2024-05-04 14:26:01'),
(1134,'伊賀市','',24,'2024-05-04 14:26:01','2024-05-04 14:26:01'),
(1135,'桑名郡木曽岬町','',24,'2024-05-04 14:26:01','2024-05-04 14:26:01'),
(1136,'員弁郡東員町','',24,'2024-05-04 14:26:01','2024-05-04 14:26:01'),
(1137,'三重郡菰野町','',24,'2024-05-04 14:26:01','2024-05-04 14:26:01'),
(1138,'三重郡朝日町','',24,'2024-05-04 14:26:01','2024-05-04 14:26:01'),
(1139,'三重郡川越町','',24,'2024-05-04 14:26:01','2024-05-04 14:26:01'),
(1140,'多気郡多気町','',24,'2024-05-04 14:26:01','2024-05-04 14:26:01'),
(1141,'多気郡明和町','',24,'2024-05-04 14:26:01','2024-05-04 14:26:01'),
(1142,'多気郡大台町','',24,'2024-05-04 14:26:01','2024-05-04 14:26:01'),
(1143,'度会郡玉城町','',24,'2024-05-04 14:26:01','2024-05-04 14:26:01'),
(1144,'度会郡度会町','',24,'2024-05-04 14:26:01','2024-05-04 14:26:01'),
(1145,'度会郡大紀町','',24,'2024-05-04 14:26:01','2024-05-04 14:26:01'),
(1146,'度会郡南伊勢町','',24,'2024-05-04 14:26:01','2024-05-04 14:26:01'),
(1147,'北牟婁郡紀北町','',24,'2024-05-04 14:26:01','2024-05-04 14:26:01'),
(1148,'南牟婁郡御浜町','',24,'2024-05-04 14:26:01','2024-05-04 14:26:01'),
(1149,'南牟婁郡紀宝町','',24,'2024-05-04 14:26:01','2024-05-04 14:26:01'),
(1150,'大津市','',25,'2024-05-04 14:26:01','2024-05-04 14:26:01'),
(1151,'彦根市','',25,'2024-05-04 14:26:01','2024-05-04 14:26:01'),
(1152,'長浜市','',25,'2024-05-04 14:26:01','2024-05-04 14:26:01'),
(1153,'近江八幡市','',25,'2024-05-04 14:26:01','2024-05-04 14:26:01'),
(1154,'草津市','',25,'2024-05-04 14:26:01','2024-05-04 14:26:01'),
(1155,'守山市','',25,'2024-05-04 14:26:01','2024-05-04 14:26:01'),
(1156,'栗東市','',25,'2024-05-04 14:26:01','2024-05-04 14:26:01'),
(1157,'甲賀市','',25,'2024-05-04 14:26:01','2024-05-04 14:26:01'),
(1158,'野洲市','',25,'2024-05-04 14:26:01','2024-05-04 14:26:01'),
(1159,'湖南市','',25,'2024-05-04 14:26:01','2024-05-04 14:26:01'),
(1160,'高島市','',25,'2024-05-04 14:26:01','2024-05-04 14:26:01'),
(1161,'東近江市','',25,'2024-05-04 14:26:01','2024-05-04 14:26:01'),
(1162,'米原市','',25,'2024-05-04 14:26:01','2024-05-04 14:26:01'),
(1163,'蒲生郡日野町','',25,'2024-05-04 14:26:01','2024-05-04 14:26:01'),
(1164,'蒲生郡竜王町','',25,'2024-05-04 14:26:01','2024-05-04 14:26:01'),
(1165,'愛知郡愛荘町','',25,'2024-05-04 14:26:01','2024-05-04 14:26:01'),
(1166,'犬上郡豊郷町','',25,'2024-05-04 14:26:01','2024-05-04 14:26:01'),
(1167,'犬上郡甲良町','',25,'2024-05-04 14:26:01','2024-05-04 14:26:01'),
(1168,'犬上郡多賀町','',25,'2024-05-04 14:26:01','2024-05-04 14:26:01'),
(1169,'京都市北区','',26,'2024-05-04 14:26:01','2024-05-04 14:26:01'),
(1170,'京都市上京区','',26,'2024-05-04 14:26:01','2024-05-04 14:26:01'),
(1171,'京都市左京区','',26,'2024-05-04 14:26:01','2024-05-04 14:26:01'),
(1172,'京都市中京区','',26,'2024-05-04 14:26:01','2024-05-04 14:26:01'),
(1173,'京都市東山区','',26,'2024-05-04 14:26:01','2024-05-04 14:26:01'),
(1174,'京都市下京区','',26,'2024-05-04 14:26:01','2024-05-04 14:26:01'),
(1175,'京都市南区','',26,'2024-05-04 14:26:01','2024-05-04 14:26:01'),
(1176,'京都市右京区','',26,'2024-05-04 14:26:01','2024-05-04 14:26:01'),
(1177,'京都市伏見区','',26,'2024-05-04 14:26:01','2024-05-04 14:26:01'),
(1178,'京都市山科区','',26,'2024-05-04 14:26:01','2024-05-04 14:26:01'),
(1179,'京都市西京区','',26,'2024-05-04 14:26:01','2024-05-04 14:26:01'),
(1180,'福知山市','',26,'2024-05-04 14:26:01','2024-05-04 14:26:01'),
(1181,'舞鶴市','',26,'2024-05-04 14:26:01','2024-05-04 14:26:01'),
(1182,'綾部市','',26,'2024-05-04 14:26:01','2024-05-04 14:26:01'),
(1183,'宇治市','',26,'2024-05-04 14:26:01','2024-05-04 14:26:01'),
(1184,'宮津市','',26,'2024-05-04 14:26:01','2024-05-04 14:26:01'),
(1185,'亀岡市','',26,'2024-05-04 14:26:01','2024-05-04 14:26:01'),
(1186,'城陽市','',26,'2024-05-04 14:26:01','2024-05-04 14:26:01'),
(1187,'向日市','',26,'2024-05-04 14:26:01','2024-05-04 14:26:01'),
(1188,'長岡京市','',26,'2024-05-04 14:26:01','2024-05-04 14:26:01'),
(1189,'八幡市','',26,'2024-05-04 14:26:01','2024-05-04 14:26:01'),
(1190,'京田辺市','',26,'2024-05-04 14:26:01','2024-05-04 14:26:01'),
(1191,'京丹後市','',26,'2024-05-04 14:26:01','2024-05-04 14:26:01'),
(1192,'南丹市','',26,'2024-05-04 14:26:01','2024-05-04 14:26:01'),
(1193,'木津川市','',26,'2024-05-04 14:26:01','2024-05-04 14:26:01'),
(1194,'乙訓郡大山崎町','',26,'2024-05-04 14:26:01','2024-05-04 14:26:01'),
(1195,'久世郡久御山町','',26,'2024-05-04 14:26:01','2024-05-04 14:26:01'),
(1196,'綴喜郡井手町','',26,'2024-05-04 14:26:01','2024-05-04 14:26:01'),
(1197,'綴喜郡宇治田原町','',26,'2024-05-04 14:26:01','2024-05-04 14:26:01'),
(1198,'相楽郡笠置町','',26,'2024-05-04 14:26:01','2024-05-04 14:26:01'),
(1199,'相楽郡和束町','',26,'2024-05-04 14:26:01','2024-05-04 14:26:01'),
(1200,'相楽郡精華町','',26,'2024-05-04 14:26:01','2024-05-04 14:26:01'),
(1201,'相楽郡南山城村','',26,'2024-05-04 14:26:01','2024-05-04 14:26:01'),
(1202,'船井郡京丹波町','',26,'2024-05-04 14:26:01','2024-05-04 14:26:01'),
(1203,'与謝郡伊根町','',26,'2024-05-04 14:26:01','2024-05-04 14:26:01'),
(1204,'与謝郡与謝野町','',26,'2024-05-04 14:26:01','2024-05-04 14:26:01'),
(1205,'大阪市都島区','',27,'2024-05-04 14:26:01','2024-05-04 14:26:01'),
(1206,'大阪市福島区','',27,'2024-05-04 14:26:01','2024-05-04 14:26:01'),
(1207,'大阪市此花区','',27,'2024-05-04 14:26:01','2024-05-04 14:26:01'),
(1208,'大阪市西区','',27,'2024-05-04 14:26:01','2024-05-04 14:26:01'),
(1209,'大阪市港区','',27,'2024-05-04 14:26:01','2024-05-04 14:26:01'),
(1210,'大阪市大正区','',27,'2024-05-04 14:26:01','2024-05-04 14:26:01'),
(1211,'大阪市天王寺区','',27,'2024-05-04 14:26:01','2024-05-04 14:26:01'),
(1212,'大阪市浪速区','',27,'2024-05-04 14:26:01','2024-05-04 14:26:01'),
(1213,'大阪市西淀川区','',27,'2024-05-04 14:26:01','2024-05-04 14:26:01'),
(1214,'大阪市東淀川区','',27,'2024-05-04 14:26:01','2024-05-04 14:26:01'),
(1215,'大阪市東成区','',27,'2024-05-04 14:26:01','2024-05-04 14:26:01'),
(1216,'大阪市生野区','',27,'2024-05-04 14:26:01','2024-05-04 14:26:01'),
(1217,'大阪市旭区','',27,'2024-05-04 14:26:01','2024-05-04 14:26:01'),
(1218,'大阪市城東区','',27,'2024-05-04 14:26:01','2024-05-04 14:26:01'),
(1219,'大阪市阿倍野区','',27,'2024-05-04 14:26:01','2024-05-04 14:26:01'),
(1220,'大阪市住吉区','',27,'2024-05-04 14:26:01','2024-05-04 14:26:01'),
(1221,'大阪市東住吉区','',27,'2024-05-04 14:26:01','2024-05-04 14:26:01'),
(1222,'大阪市西成区','',27,'2024-05-04 14:26:01','2024-05-04 14:26:01'),
(1223,'大阪市淀川区','',27,'2024-05-04 14:26:01','2024-05-04 14:26:01'),
(1224,'大阪市鶴見区','',27,'2024-05-04 14:26:01','2024-05-04 14:26:01'),
(1225,'大阪市住之江区','',27,'2024-05-04 14:26:01','2024-05-04 14:26:01'),
(1226,'大阪市平野区','',27,'2024-05-04 14:26:01','2024-05-04 14:26:01'),
(1227,'大阪市北区','',27,'2024-05-04 14:26:01','2024-05-04 14:26:01'),
(1228,'大阪市中央区','',27,'2024-05-04 14:26:01','2024-05-04 14:26:01'),
(1229,'堺市堺区','',27,'2024-05-04 14:26:01','2024-05-04 14:26:01'),
(1230,'堺市中区','',27,'2024-05-04 14:26:01','2024-05-04 14:26:01'),
(1231,'堺市東区','',27,'2024-05-04 14:26:01','2024-05-04 14:26:01'),
(1232,'堺市西区','',27,'2024-05-04 14:26:01','2024-05-04 14:26:01'),
(1233,'堺市南区','',27,'2024-05-04 14:26:01','2024-05-04 14:26:01'),
(1234,'堺市北区','',27,'2024-05-04 14:26:01','2024-05-04 14:26:01'),
(1235,'堺市美原区','',27,'2024-05-04 14:26:01','2024-05-04 14:26:01'),
(1236,'岸和田市','',27,'2024-05-04 14:26:01','2024-05-04 14:26:01'),
(1237,'豊中市','',27,'2024-05-04 14:26:01','2024-05-04 14:26:01'),
(1238,'池田市','',27,'2024-05-04 14:26:01','2024-05-04 14:26:01'),
(1239,'吹田市','',27,'2024-05-04 14:26:01','2024-05-04 14:26:01'),
(1240,'泉大津市','',27,'2024-05-04 14:26:01','2024-05-04 14:26:01'),
(1241,'高槻市','',27,'2024-05-04 14:26:01','2024-05-04 14:26:01'),
(1242,'貝塚市','',27,'2024-05-04 14:26:01','2024-05-04 14:26:01'),
(1243,'守口市','',27,'2024-05-04 14:26:01','2024-05-04 14:26:01'),
(1244,'枚方市','',27,'2024-05-04 14:26:01','2024-05-04 14:26:01'),
(1245,'茨木市','',27,'2024-05-04 14:26:01','2024-05-04 14:26:01'),
(1246,'八尾市','',27,'2024-05-04 14:26:01','2024-05-04 14:26:01'),
(1247,'泉佐野市','',27,'2024-05-04 14:26:01','2024-05-04 14:26:01'),
(1248,'富田林市','',27,'2024-05-04 14:26:01','2024-05-04 14:26:01'),
(1249,'寝屋川市','',27,'2024-05-04 14:26:01','2024-05-04 14:26:01'),
(1250,'河内長野市','',27,'2024-05-04 14:26:01','2024-05-04 14:26:01'),
(1251,'松原市','',27,'2024-05-04 14:26:01','2024-05-04 14:26:01'),
(1252,'大東市','',27,'2024-05-04 14:26:01','2024-05-04 14:26:01'),
(1253,'和泉市','',27,'2024-05-04 14:26:01','2024-05-04 14:26:01'),
(1254,'箕面市','',27,'2024-05-04 14:26:01','2024-05-04 14:26:01'),
(1255,'柏原市','',27,'2024-05-04 14:26:01','2024-05-04 14:26:01'),
(1256,'羽曳野市','',27,'2024-05-04 14:26:01','2024-05-04 14:26:01'),
(1257,'門真市','',27,'2024-05-04 14:26:01','2024-05-04 14:26:01'),
(1258,'摂津市','',27,'2024-05-04 14:26:01','2024-05-04 14:26:01'),
(1259,'高石市','',27,'2024-05-04 14:26:01','2024-05-04 14:26:01'),
(1260,'藤井寺市','',27,'2024-05-04 14:26:01','2024-05-04 14:26:01'),
(1261,'東大阪市','',27,'2024-05-04 14:26:01','2024-05-04 14:26:01'),
(1262,'泉南市','',27,'2024-05-04 14:26:01','2024-05-04 14:26:01'),
(1263,'四條畷市','',27,'2024-05-04 14:26:01','2024-05-04 14:26:01'),
(1264,'交野市','',27,'2024-05-04 14:26:01','2024-05-04 14:26:01'),
(1265,'大阪狭山市','',27,'2024-05-04 14:26:01','2024-05-04 14:26:01'),
(1266,'阪南市','',27,'2024-05-04 14:26:01','2024-05-04 14:26:01'),
(1267,'三島郡島本町','',27,'2024-05-04 14:26:01','2024-05-04 14:26:01'),
(1268,'豊能郡豊能町','',27,'2024-05-04 14:26:01','2024-05-04 14:26:01'),
(1269,'豊能郡能勢町','',27,'2024-05-04 14:26:01','2024-05-04 14:26:01'),
(1270,'泉北郡忠岡町','',27,'2024-05-04 14:26:01','2024-05-04 14:26:01'),
(1271,'泉南郡熊取町','',27,'2024-05-04 14:26:01','2024-05-04 14:26:01'),
(1272,'泉南郡田尻町','',27,'2024-05-04 14:26:01','2024-05-04 14:26:01'),
(1273,'泉南郡岬町','',27,'2024-05-04 14:26:01','2024-05-04 14:26:01'),
(1274,'南河内郡太子町','',27,'2024-05-04 14:26:01','2024-05-04 14:26:01'),
(1275,'南河内郡河南町','',27,'2024-05-04 14:26:01','2024-05-04 14:26:01'),
(1276,'南河内郡千早赤阪村','',27,'2024-05-04 14:26:01','2024-05-04 14:26:01'),
(1277,'神戸市東灘区','',28,'2024-05-04 14:26:01','2024-05-04 14:26:01'),
(1278,'神戸市灘区','',28,'2024-05-04 14:26:01','2024-05-04 14:26:01'),
(1279,'神戸市兵庫区','',28,'2024-05-04 14:26:01','2024-05-04 14:26:01'),
(1280,'神戸市長田区','',28,'2024-05-04 14:26:01','2024-05-04 14:26:01'),
(1281,'神戸市須磨区','',28,'2024-05-04 14:26:01','2024-05-04 14:26:01'),
(1282,'神戸市垂水区','',28,'2024-05-04 14:26:01','2024-05-04 14:26:01'),
(1283,'神戸市北区','',28,'2024-05-04 14:26:01','2024-05-04 14:26:01'),
(1284,'神戸市中央区','',28,'2024-05-04 14:26:01','2024-05-04 14:26:01'),
(1285,'神戸市西区','',28,'2024-05-04 14:26:01','2024-05-04 14:26:01'),
(1286,'姫路市','',28,'2024-05-04 14:26:01','2024-05-04 14:26:01'),
(1287,'尼崎市','',28,'2024-05-04 14:26:01','2024-05-04 14:26:01'),
(1288,'明石市','',28,'2024-05-04 14:26:01','2024-05-04 14:26:01'),
(1289,'西宮市','',28,'2024-05-04 14:26:01','2024-05-04 14:26:01'),
(1290,'洲本市','',28,'2024-05-04 14:26:01','2024-05-04 14:26:01'),
(1291,'芦屋市','',28,'2024-05-04 14:26:01','2024-05-04 14:26:01'),
(1292,'伊丹市','',28,'2024-05-04 14:26:01','2024-05-04 14:26:01'),
(1293,'相生市','',28,'2024-05-04 14:26:01','2024-05-04 14:26:01'),
(1294,'豊岡市','',28,'2024-05-04 14:26:01','2024-05-04 14:26:01'),
(1295,'加古川市','',28,'2024-05-04 14:26:01','2024-05-04 14:26:01'),
(1296,'赤穂市','',28,'2024-05-04 14:26:01','2024-05-04 14:26:01'),
(1297,'西脇市','',28,'2024-05-04 14:26:01','2024-05-04 14:26:01'),
(1298,'宝塚市','',28,'2024-05-04 14:26:01','2024-05-04 14:26:01'),
(1299,'三木市','',28,'2024-05-04 14:26:01','2024-05-04 14:26:01'),
(1300,'高砂市','',28,'2024-05-04 14:26:01','2024-05-04 14:26:01'),
(1301,'川西市','',28,'2024-05-04 14:26:01','2024-05-04 14:26:01'),
(1302,'小野市','',28,'2024-05-04 14:26:01','2024-05-04 14:26:01'),
(1303,'三田市','',28,'2024-05-04 14:26:01','2024-05-04 14:26:01'),
(1304,'加西市','',28,'2024-05-04 14:26:01','2024-05-04 14:26:01'),
(1305,'丹波篠山市','',28,'2024-05-04 14:26:01','2024-05-04 14:26:01'),
(1306,'養父市','',28,'2024-05-04 14:26:01','2024-05-04 14:26:01'),
(1307,'丹波市','',28,'2024-05-04 14:26:01','2024-05-04 14:26:01'),
(1308,'南あわじ市','',28,'2024-05-04 14:26:01','2024-05-04 14:26:01'),
(1309,'朝来市','',28,'2024-05-04 14:26:01','2024-05-04 14:26:01'),
(1310,'淡路市','',28,'2024-05-04 14:26:01','2024-05-04 14:26:01'),
(1311,'宍粟市','',28,'2024-05-04 14:26:01','2024-05-04 14:26:01'),
(1312,'加東市','',28,'2024-05-04 14:26:01','2024-05-04 14:26:01'),
(1313,'たつの市','',28,'2024-05-04 14:26:01','2024-05-04 14:26:01'),
(1314,'川辺郡猪名川町','',28,'2024-05-04 14:26:01','2024-05-04 14:26:01'),
(1315,'多可郡多可町','',28,'2024-05-04 14:26:01','2024-05-04 14:26:01'),
(1316,'加古郡稲美町','',28,'2024-05-04 14:26:01','2024-05-04 14:26:01'),
(1317,'加古郡播磨町','',28,'2024-05-04 14:26:01','2024-05-04 14:26:01'),
(1318,'神崎郡市川町','',28,'2024-05-04 14:26:01','2024-05-04 14:26:01'),
(1319,'神崎郡福崎町','',28,'2024-05-04 14:26:01','2024-05-04 14:26:01'),
(1320,'神崎郡神河町','',28,'2024-05-04 14:26:01','2024-05-04 14:26:01'),
(1321,'揖保郡太子町','',28,'2024-05-04 14:26:01','2024-05-04 14:26:01'),
(1322,'赤穂郡上郡町','',28,'2024-05-04 14:26:01','2024-05-04 14:26:01'),
(1323,'佐用郡佐用町','',28,'2024-05-04 14:26:01','2024-05-04 14:26:01'),
(1324,'美方郡香美町','',28,'2024-05-04 14:26:01','2024-05-04 14:26:01'),
(1325,'美方郡新温泉町','',28,'2024-05-04 14:26:01','2024-05-04 14:26:01'),
(1326,'奈良市','',29,'2024-05-04 14:26:01','2024-05-04 14:26:01'),
(1327,'大和高田市','',29,'2024-05-04 14:26:01','2024-05-04 14:26:01'),
(1328,'大和郡山市','',29,'2024-05-04 14:26:01','2024-05-04 14:26:01'),
(1329,'天理市','',29,'2024-05-04 14:26:01','2024-05-04 14:26:01'),
(1330,'橿原市','',29,'2024-05-04 14:26:01','2024-05-04 14:26:01'),
(1331,'桜井市','',29,'2024-05-04 14:26:01','2024-05-04 14:26:01'),
(1332,'五條市','',29,'2024-05-04 14:26:01','2024-05-04 14:26:01'),
(1333,'御所市','',29,'2024-05-04 14:26:01','2024-05-04 14:26:01'),
(1334,'生駒市','',29,'2024-05-04 14:26:01','2024-05-04 14:26:01'),
(1335,'香芝市','',29,'2024-05-04 14:26:01','2024-05-04 14:26:01'),
(1336,'葛城市','',29,'2024-05-04 14:26:01','2024-05-04 14:26:01'),
(1337,'宇陀市','',29,'2024-05-04 14:26:01','2024-05-04 14:26:01'),
(1338,'山辺郡山添村','',29,'2024-05-04 14:26:01','2024-05-04 14:26:01'),
(1339,'生駒郡平群町','',29,'2024-05-04 14:26:01','2024-05-04 14:26:01'),
(1340,'生駒郡三郷町','',29,'2024-05-04 14:26:01','2024-05-04 14:26:01'),
(1341,'生駒郡斑鳩町','',29,'2024-05-04 14:26:01','2024-05-04 14:26:01'),
(1342,'生駒郡安堵町','',29,'2024-05-04 14:26:01','2024-05-04 14:26:01'),
(1343,'磯城郡川西町','',29,'2024-05-04 14:26:01','2024-05-04 14:26:01'),
(1344,'磯城郡三宅町','',29,'2024-05-04 14:26:01','2024-05-04 14:26:01'),
(1345,'磯城郡田原本町','',29,'2024-05-04 14:26:01','2024-05-04 14:26:01'),
(1346,'宇陀郡曽爾村','',29,'2024-05-04 14:26:01','2024-05-04 14:26:01'),
(1347,'宇陀郡御杖村','',29,'2024-05-04 14:26:01','2024-05-04 14:26:01'),
(1348,'高市郡高取町','',29,'2024-05-04 14:26:01','2024-05-04 14:26:01'),
(1349,'高市郡明日香村','',29,'2024-05-04 14:26:01','2024-05-04 14:26:01'),
(1350,'北葛城郡上牧町','',29,'2024-05-04 14:26:01','2024-05-04 14:26:01'),
(1351,'北葛城郡王寺町','',29,'2024-05-04 14:26:01','2024-05-04 14:26:01'),
(1352,'北葛城郡広陵町','',29,'2024-05-04 14:26:01','2024-05-04 14:26:01'),
(1353,'北葛城郡河合町','',29,'2024-05-04 14:26:01','2024-05-04 14:26:01'),
(1354,'吉野郡吉野町','',29,'2024-05-04 14:26:01','2024-05-04 14:26:01'),
(1355,'吉野郡大淀町','',29,'2024-05-04 14:26:01','2024-05-04 14:26:01'),
(1356,'吉野郡下市町','',29,'2024-05-04 14:26:01','2024-05-04 14:26:01'),
(1357,'吉野郡黒滝村','',29,'2024-05-04 14:26:01','2024-05-04 14:26:01'),
(1358,'吉野郡天川村','',29,'2024-05-04 14:26:01','2024-05-04 14:26:01'),
(1359,'吉野郡野迫川村','',29,'2024-05-04 14:26:01','2024-05-04 14:26:01'),
(1360,'吉野郡十津川村','',29,'2024-05-04 14:26:01','2024-05-04 14:26:01'),
(1361,'吉野郡下北山村','',29,'2024-05-04 14:26:01','2024-05-04 14:26:01'),
(1362,'吉野郡上北山村','',29,'2024-05-04 14:26:01','2024-05-04 14:26:01'),
(1363,'吉野郡川上村','',29,'2024-05-04 14:26:01','2024-05-04 14:26:01'),
(1364,'吉野郡東吉野村','',29,'2024-05-04 14:26:01','2024-05-04 14:26:01'),
(1365,'和歌山市','',30,'2024-05-04 14:26:01','2024-05-04 14:26:01'),
(1366,'海南市','',30,'2024-05-04 14:26:01','2024-05-04 14:26:01'),
(1367,'橋本市','',30,'2024-05-04 14:26:01','2024-05-04 14:26:01'),
(1368,'有田市','',30,'2024-05-04 14:26:01','2024-05-04 14:26:01'),
(1369,'御坊市','',30,'2024-05-04 14:26:01','2024-05-04 14:26:01'),
(1370,'田辺市','',30,'2024-05-04 14:26:01','2024-05-04 14:26:01'),
(1371,'新宮市','',30,'2024-05-04 14:26:01','2024-05-04 14:26:01'),
(1372,'紀の川市','',30,'2024-05-04 14:26:01','2024-05-04 14:26:01'),
(1373,'岩出市','',30,'2024-05-04 14:26:01','2024-05-04 14:26:01'),
(1374,'海草郡紀美野町','',30,'2024-05-04 14:26:01','2024-05-04 14:26:01'),
(1375,'伊都郡かつらぎ町','',30,'2024-05-04 14:26:01','2024-05-04 14:26:01'),
(1376,'伊都郡九度山町','',30,'2024-05-04 14:26:01','2024-05-04 14:26:01'),
(1377,'伊都郡高野町','',30,'2024-05-04 14:26:01','2024-05-04 14:26:01'),
(1378,'有田郡湯浅町','',30,'2024-05-04 14:26:01','2024-05-04 14:26:01'),
(1379,'有田郡広川町','',30,'2024-05-04 14:26:01','2024-05-04 14:26:01'),
(1380,'有田郡有田川町','',30,'2024-05-04 14:26:01','2024-05-04 14:26:01'),
(1381,'日高郡美浜町','',30,'2024-05-04 14:26:01','2024-05-04 14:26:01'),
(1382,'日高郡日高町','',30,'2024-05-04 14:26:01','2024-05-04 14:26:01'),
(1383,'日高郡由良町','',30,'2024-05-04 14:26:01','2024-05-04 14:26:01'),
(1384,'日高郡印南町','',30,'2024-05-04 14:26:01','2024-05-04 14:26:01'),
(1385,'日高郡みなべ町','',30,'2024-05-04 14:26:01','2024-05-04 14:26:01'),
(1386,'日高郡日高川町','',30,'2024-05-04 14:26:01','2024-05-04 14:26:01'),
(1387,'西牟婁郡白浜町','',30,'2024-05-04 14:26:01','2024-05-04 14:26:01'),
(1388,'西牟婁郡上富田町','',30,'2024-05-04 14:26:01','2024-05-04 14:26:01'),
(1389,'西牟婁郡すさみ町','',30,'2024-05-04 14:26:01','2024-05-04 14:26:01'),
(1390,'東牟婁郡那智勝浦町','',30,'2024-05-04 14:26:01','2024-05-04 14:26:01'),
(1391,'東牟婁郡太地町','',30,'2024-05-04 14:26:01','2024-05-04 14:26:01'),
(1392,'東牟婁郡古座川町','',30,'2024-05-04 14:26:01','2024-05-04 14:26:01'),
(1393,'東牟婁郡北山村','',30,'2024-05-04 14:26:01','2024-05-04 14:26:01'),
(1394,'東牟婁郡串本町','',30,'2024-05-04 14:26:01','2024-05-04 14:26:01'),
(1395,'鳥取市','',31,'2024-05-04 14:26:01','2024-05-04 14:26:01'),
(1396,'米子市','',31,'2024-05-04 14:26:01','2024-05-04 14:26:01'),
(1397,'倉吉市','',31,'2024-05-04 14:26:01','2024-05-04 14:26:01'),
(1398,'境港市','',31,'2024-05-04 14:26:01','2024-05-04 14:26:01'),
(1399,'岩美郡岩美町','',31,'2024-05-04 14:26:01','2024-05-04 14:26:01'),
(1400,'八頭郡若桜町','',31,'2024-05-04 14:26:01','2024-05-04 14:26:01'),
(1401,'八頭郡智頭町','',31,'2024-05-04 14:26:01','2024-05-04 14:26:01'),
(1402,'八頭郡八頭町','',31,'2024-05-04 14:26:01','2024-05-04 14:26:01'),
(1403,'東伯郡三朝町','',31,'2024-05-04 14:26:01','2024-05-04 14:26:01'),
(1404,'東伯郡湯梨浜町','',31,'2024-05-04 14:26:01','2024-05-04 14:26:01'),
(1405,'東伯郡琴浦町','',31,'2024-05-04 14:26:01','2024-05-04 14:26:01'),
(1406,'東伯郡北栄町','',31,'2024-05-04 14:26:01','2024-05-04 14:26:01'),
(1407,'西伯郡日吉津村','',31,'2024-05-04 14:26:01','2024-05-04 14:26:01'),
(1408,'西伯郡大山町','',31,'2024-05-04 14:26:01','2024-05-04 14:26:01'),
(1409,'西伯郡南部町','',31,'2024-05-04 14:26:01','2024-05-04 14:26:01'),
(1410,'西伯郡伯耆町','',31,'2024-05-04 14:26:01','2024-05-04 14:26:01'),
(1411,'日野郡日南町','',31,'2024-05-04 14:26:01','2024-05-04 14:26:01'),
(1412,'日野郡日野町','',31,'2024-05-04 14:26:01','2024-05-04 14:26:01'),
(1413,'日野郡江府町','',31,'2024-05-04 14:26:01','2024-05-04 14:26:01'),
(1414,'松江市','',32,'2024-05-04 14:26:01','2024-05-04 14:26:01'),
(1415,'浜田市','',32,'2024-05-04 14:26:01','2024-05-04 14:26:01'),
(1416,'出雲市','',32,'2024-05-04 14:26:01','2024-05-04 14:26:01'),
(1417,'益田市','',32,'2024-05-04 14:26:01','2024-05-04 14:26:01'),
(1418,'大田市','',32,'2024-05-04 14:26:01','2024-05-04 14:26:01'),
(1419,'安来市','',32,'2024-05-04 14:26:01','2024-05-04 14:26:01'),
(1420,'江津市','',32,'2024-05-04 14:26:01','2024-05-04 14:26:01'),
(1421,'雲南市','',32,'2024-05-04 14:26:01','2024-05-04 14:26:01'),
(1422,'仁多郡奥出雲町','',32,'2024-05-04 14:26:01','2024-05-04 14:26:01'),
(1423,'飯石郡飯南町','',32,'2024-05-04 14:26:01','2024-05-04 14:26:01'),
(1424,'邑智郡川本町','',32,'2024-05-04 14:26:01','2024-05-04 14:26:01'),
(1425,'邑智郡美郷町','',32,'2024-05-04 14:26:01','2024-05-04 14:26:01'),
(1426,'邑智郡邑南町','',32,'2024-05-04 14:26:01','2024-05-04 14:26:01'),
(1427,'鹿足郡津和野町','',32,'2024-05-04 14:26:01','2024-05-04 14:26:01'),
(1428,'鹿足郡吉賀町','',32,'2024-05-04 14:26:01','2024-05-04 14:26:01'),
(1429,'隠岐郡海士町','',32,'2024-05-04 14:26:01','2024-05-04 14:26:01'),
(1430,'隠岐郡西ノ島町','',32,'2024-05-04 14:26:01','2024-05-04 14:26:01'),
(1431,'隠岐郡知夫村','',32,'2024-05-04 14:26:01','2024-05-04 14:26:01'),
(1432,'隠岐郡隠岐の島町','',32,'2024-05-04 14:26:01','2024-05-04 14:26:01'),
(1433,'岡山市北区','',33,'2024-05-04 14:26:01','2024-05-04 14:26:01'),
(1434,'岡山市中区','',33,'2024-05-04 14:26:01','2024-05-04 14:26:01'),
(1435,'岡山市東区','',33,'2024-05-04 14:26:01','2024-05-04 14:26:01'),
(1436,'岡山市南区','',33,'2024-05-04 14:26:01','2024-05-04 14:26:01'),
(1437,'倉敷市','',33,'2024-05-04 14:26:01','2024-05-04 14:26:01'),
(1438,'津山市','',33,'2024-05-04 14:26:01','2024-05-04 14:26:01'),
(1439,'玉野市','',33,'2024-05-04 14:26:01','2024-05-04 14:26:01'),
(1440,'笠岡市','',33,'2024-05-04 14:26:01','2024-05-04 14:26:01'),
(1441,'井原市','',33,'2024-05-04 14:26:01','2024-05-04 14:26:01'),
(1442,'総社市','',33,'2024-05-04 14:26:01','2024-05-04 14:26:01'),
(1443,'高梁市','',33,'2024-05-04 14:26:01','2024-05-04 14:26:01'),
(1444,'新見市','',33,'2024-05-04 14:26:01','2024-05-04 14:26:01'),
(1445,'備前市','',33,'2024-05-04 14:26:01','2024-05-04 14:26:01'),
(1446,'瀬戸内市','',33,'2024-05-04 14:26:01','2024-05-04 14:26:01'),
(1447,'赤磐市','',33,'2024-05-04 14:26:01','2024-05-04 14:26:01'),
(1448,'真庭市','',33,'2024-05-04 14:26:01','2024-05-04 14:26:01'),
(1449,'美作市','',33,'2024-05-04 14:26:01','2024-05-04 14:26:01'),
(1450,'浅口市','',33,'2024-05-04 14:26:01','2024-05-04 14:26:01'),
(1451,'和気郡和気町','',33,'2024-05-04 14:26:01','2024-05-04 14:26:01'),
(1452,'都窪郡早島町','',33,'2024-05-04 14:26:01','2024-05-04 14:26:01'),
(1453,'浅口郡里庄町','',33,'2024-05-04 14:26:01','2024-05-04 14:26:01'),
(1454,'小田郡矢掛町','',33,'2024-05-04 14:26:01','2024-05-04 14:26:01'),
(1455,'真庭郡新庄村','',33,'2024-05-04 14:26:01','2024-05-04 14:26:01'),
(1456,'苫田郡鏡野町','',33,'2024-05-04 14:26:01','2024-05-04 14:26:01'),
(1457,'勝田郡勝央町','',33,'2024-05-04 14:26:01','2024-05-04 14:26:01'),
(1458,'勝田郡奈義町','',33,'2024-05-04 14:26:01','2024-05-04 14:26:01'),
(1459,'英田郡西粟倉村','',33,'2024-05-04 14:26:01','2024-05-04 14:26:01'),
(1460,'久米郡久米南町','',33,'2024-05-04 14:26:01','2024-05-04 14:26:01'),
(1461,'久米郡美咲町','',33,'2024-05-04 14:26:01','2024-05-04 14:26:01'),
(1462,'加賀郡吉備中央町','',33,'2024-05-04 14:26:01','2024-05-04 14:26:01'),
(1463,'広島市中区','',34,'2024-05-04 14:26:01','2024-05-04 14:26:01'),
(1464,'広島市東区','',34,'2024-05-04 14:26:01','2024-05-04 14:26:01'),
(1465,'広島市南区','',34,'2024-05-04 14:26:01','2024-05-04 14:26:01'),
(1466,'広島市西区','',34,'2024-05-04 14:26:01','2024-05-04 14:26:01'),
(1467,'広島市安佐南区','',34,'2024-05-04 14:26:01','2024-05-04 14:26:01'),
(1468,'広島市安佐北区','',34,'2024-05-04 14:26:01','2024-05-04 14:26:01'),
(1469,'広島市安芸区','',34,'2024-05-04 14:26:01','2024-05-04 14:26:01'),
(1470,'広島市佐伯区','',34,'2024-05-04 14:26:01','2024-05-04 14:26:01'),
(1471,'呉市','',34,'2024-05-04 14:26:01','2024-05-04 14:26:01'),
(1472,'竹原市','',34,'2024-05-04 14:26:01','2024-05-04 14:26:01'),
(1473,'三原市','',34,'2024-05-04 14:26:01','2024-05-04 14:26:01'),
(1474,'尾道市','',34,'2024-05-04 14:26:01','2024-05-04 14:26:01'),
(1475,'福山市','',34,'2024-05-04 14:26:01','2024-05-04 14:26:01'),
(1476,'府中市','',34,'2024-05-04 14:26:01','2024-05-04 14:26:01'),
(1477,'三次市','',34,'2024-05-04 14:26:01','2024-05-04 14:26:01'),
(1478,'庄原市','',34,'2024-05-04 14:26:01','2024-05-04 14:26:01'),
(1479,'大竹市','',34,'2024-05-04 14:26:01','2024-05-04 14:26:01'),
(1480,'東広島市','',34,'2024-05-04 14:26:01','2024-05-04 14:26:01'),
(1481,'廿日市市','',34,'2024-05-04 14:26:01','2024-05-04 14:26:01'),
(1482,'安芸高田市','',34,'2024-05-04 14:26:01','2024-05-04 14:26:01'),
(1483,'江田島市','',34,'2024-05-04 14:26:01','2024-05-04 14:26:01'),
(1484,'安芸郡府中町','',34,'2024-05-04 14:26:01','2024-05-04 14:26:01'),
(1485,'安芸郡海田町','',34,'2024-05-04 14:26:01','2024-05-04 14:26:01'),
(1486,'安芸郡熊野町','',34,'2024-05-04 14:26:01','2024-05-04 14:26:01'),
(1487,'安芸郡坂町','',34,'2024-05-04 14:26:01','2024-05-04 14:26:01'),
(1488,'山県郡安芸太田町','',34,'2024-05-04 14:26:01','2024-05-04 14:26:01'),
(1489,'山県郡北広島町','',34,'2024-05-04 14:26:01','2024-05-04 14:26:01'),
(1490,'豊田郡大崎上島町','',34,'2024-05-04 14:26:01','2024-05-04 14:26:01'),
(1491,'世羅郡世羅町','',34,'2024-05-04 14:26:01','2024-05-04 14:26:01'),
(1492,'神石郡神石高原町','',34,'2024-05-04 14:26:01','2024-05-04 14:26:01'),
(1493,'下関市','',35,'2024-05-04 14:26:01','2024-05-04 14:26:01'),
(1494,'宇部市','',35,'2024-05-04 14:26:01','2024-05-04 14:26:01'),
(1495,'山口市','',35,'2024-05-04 14:26:01','2024-05-04 14:26:01'),
(1496,'萩市','',35,'2024-05-04 14:26:01','2024-05-04 14:26:01'),
(1497,'防府市','',35,'2024-05-04 14:26:01','2024-05-04 14:26:01'),
(1498,'下松市','',35,'2024-05-04 14:26:01','2024-05-04 14:26:01'),
(1499,'岩国市','',35,'2024-05-04 14:26:01','2024-05-04 14:26:01'),
(1500,'光市','',35,'2024-05-04 14:26:01','2024-05-04 14:26:01'),
(1501,'長門市','',35,'2024-05-04 14:26:01','2024-05-04 14:26:01'),
(1502,'柳井市','',35,'2024-05-04 14:26:01','2024-05-04 14:26:01'),
(1503,'美祢市','',35,'2024-05-04 14:26:01','2024-05-04 14:26:01'),
(1504,'周南市','',35,'2024-05-04 14:26:01','2024-05-04 14:26:01'),
(1505,'山陽小野田市','',35,'2024-05-04 14:26:01','2024-05-04 14:26:01'),
(1506,'大島郡周防大島町','',35,'2024-05-04 14:26:01','2024-05-04 14:26:01'),
(1507,'玖珂郡和木町','',35,'2024-05-04 14:26:01','2024-05-04 14:26:01'),
(1508,'熊毛郡上関町','',35,'2024-05-04 14:26:01','2024-05-04 14:26:01'),
(1509,'熊毛郡田布施町','',35,'2024-05-04 14:26:01','2024-05-04 14:26:01'),
(1510,'熊毛郡平生町','',35,'2024-05-04 14:26:01','2024-05-04 14:26:01'),
(1511,'阿武郡阿武町','',35,'2024-05-04 14:26:01','2024-05-04 14:26:01'),
(1512,'徳島市','',36,'2024-05-04 14:26:01','2024-05-04 14:26:01'),
(1513,'鳴門市','',36,'2024-05-04 14:26:01','2024-05-04 14:26:01'),
(1514,'小松島市','',36,'2024-05-04 14:26:01','2024-05-04 14:26:01'),
(1515,'阿南市','',36,'2024-05-04 14:26:01','2024-05-04 14:26:01'),
(1516,'吉野川市','',36,'2024-05-04 14:26:01','2024-05-04 14:26:01'),
(1517,'阿波市','',36,'2024-05-04 14:26:01','2024-05-04 14:26:01'),
(1518,'美馬市','',36,'2024-05-04 14:26:01','2024-05-04 14:26:01'),
(1519,'三好市','',36,'2024-05-04 14:26:01','2024-05-04 14:26:01'),
(1520,'勝浦郡勝浦町','',36,'2024-05-04 14:26:01','2024-05-04 14:26:01'),
(1521,'勝浦郡上勝町','',36,'2024-05-04 14:26:01','2024-05-04 14:26:01'),
(1522,'名東郡佐那河内村','',36,'2024-05-04 14:26:01','2024-05-04 14:26:01'),
(1523,'名西郡石井町','',36,'2024-05-04 14:26:01','2024-05-04 14:26:01'),
(1524,'名西郡神山町','',36,'2024-05-04 14:26:01','2024-05-04 14:26:01'),
(1525,'那賀郡那賀町','',36,'2024-05-04 14:26:01','2024-05-04 14:26:01'),
(1526,'海部郡牟岐町','',36,'2024-05-04 14:26:01','2024-05-04 14:26:01'),
(1527,'海部郡美波町','',36,'2024-05-04 14:26:01','2024-05-04 14:26:01'),
(1528,'海部郡海陽町','',36,'2024-05-04 14:26:01','2024-05-04 14:26:01'),
(1529,'板野郡松茂町','',36,'2024-05-04 14:26:01','2024-05-04 14:26:01'),
(1530,'板野郡北島町','',36,'2024-05-04 14:26:01','2024-05-04 14:26:01'),
(1531,'板野郡藍住町','',36,'2024-05-04 14:26:01','2024-05-04 14:26:01'),
(1532,'板野郡板野町','',36,'2024-05-04 14:26:01','2024-05-04 14:26:01'),
(1533,'板野郡上板町','',36,'2024-05-04 14:26:01','2024-05-04 14:26:01'),
(1534,'美馬郡つるぎ町','',36,'2024-05-04 14:26:01','2024-05-04 14:26:01'),
(1535,'三好郡東みよし町','',36,'2024-05-04 14:26:01','2024-05-04 14:26:01'),
(1536,'高松市','',37,'2024-05-04 14:26:01','2024-05-04 14:26:01'),
(1537,'丸亀市','',37,'2024-05-04 14:26:01','2024-05-04 14:26:01'),
(1538,'坂出市','',37,'2024-05-04 14:26:01','2024-05-04 14:26:01'),
(1539,'善通寺市','',37,'2024-05-04 14:26:01','2024-05-04 14:26:01'),
(1540,'観音寺市','',37,'2024-05-04 14:26:01','2024-05-04 14:26:01'),
(1541,'さぬき市','',37,'2024-05-04 14:26:01','2024-05-04 14:26:01'),
(1542,'東かがわ市','',37,'2024-05-04 14:26:01','2024-05-04 14:26:01'),
(1543,'三豊市','',37,'2024-05-04 14:26:01','2024-05-04 14:26:01'),
(1544,'小豆郡土庄町','',37,'2024-05-04 14:26:01','2024-05-04 14:26:01'),
(1545,'小豆郡小豆島町','',37,'2024-05-04 14:26:01','2024-05-04 14:26:01'),
(1546,'木田郡三木町','',37,'2024-05-04 14:26:01','2024-05-04 14:26:01'),
(1547,'香川郡直島町','',37,'2024-05-04 14:26:01','2024-05-04 14:26:01'),
(1548,'綾歌郡宇多津町','',37,'2024-05-04 14:26:01','2024-05-04 14:26:01'),
(1549,'綾歌郡綾川町','',37,'2024-05-04 14:26:01','2024-05-04 14:26:01'),
(1550,'仲多度郡琴平町','',37,'2024-05-04 14:26:01','2024-05-04 14:26:01'),
(1551,'仲多度郡多度津町','',37,'2024-05-04 14:26:01','2024-05-04 14:26:01'),
(1552,'仲多度郡まんのう町','',37,'2024-05-04 14:26:01','2024-05-04 14:26:01'),
(1553,'松山市','',38,'2024-05-04 14:26:01','2024-05-04 14:26:01'),
(1554,'今治市','',38,'2024-05-04 14:26:01','2024-05-04 14:26:01'),
(1555,'宇和島市','',38,'2024-05-04 14:26:01','2024-05-04 14:26:01'),
(1556,'八幡浜市','',38,'2024-05-04 14:26:01','2024-05-04 14:26:01'),
(1557,'新居浜市','',38,'2024-05-04 14:26:01','2024-05-04 14:26:01'),
(1558,'西条市','',38,'2024-05-04 14:26:01','2024-05-04 14:26:01'),
(1559,'大洲市','',38,'2024-05-04 14:26:01','2024-05-04 14:26:01'),
(1560,'伊予市','',38,'2024-05-04 14:26:01','2024-05-04 14:26:01'),
(1561,'四国中央市','',38,'2024-05-04 14:26:01','2024-05-04 14:26:01'),
(1562,'西予市','',38,'2024-05-04 14:26:01','2024-05-04 14:26:01'),
(1563,'東温市','',38,'2024-05-04 14:26:01','2024-05-04 14:26:01'),
(1564,'越智郡上島町','',38,'2024-05-04 14:26:01','2024-05-04 14:26:01'),
(1565,'上浮穴郡久万高原町','',38,'2024-05-04 14:26:01','2024-05-04 14:26:01'),
(1566,'伊予郡松前町','',38,'2024-05-04 14:26:01','2024-05-04 14:26:01'),
(1567,'伊予郡砥部町','',38,'2024-05-04 14:26:01','2024-05-04 14:26:01'),
(1568,'喜多郡内子町','',38,'2024-05-04 14:26:01','2024-05-04 14:26:01'),
(1569,'西宇和郡伊方町','',38,'2024-05-04 14:26:01','2024-05-04 14:26:01'),
(1570,'北宇和郡松野町','',38,'2024-05-04 14:26:01','2024-05-04 14:26:01'),
(1571,'北宇和郡鬼北町','',38,'2024-05-04 14:26:01','2024-05-04 14:26:01'),
(1572,'南宇和郡愛南町','',38,'2024-05-04 14:26:01','2024-05-04 14:26:01'),
(1573,'高知市','',39,'2024-05-04 14:26:01','2024-05-04 14:26:01'),
(1574,'室戸市','',39,'2024-05-04 14:26:01','2024-05-04 14:26:01'),
(1575,'安芸市','',39,'2024-05-04 14:26:01','2024-05-04 14:26:01'),
(1576,'南国市','',39,'2024-05-04 14:26:01','2024-05-04 14:26:01'),
(1577,'土佐市','',39,'2024-05-04 14:26:01','2024-05-04 14:26:01'),
(1578,'須崎市','',39,'2024-05-04 14:26:01','2024-05-04 14:26:01'),
(1579,'宿毛市','',39,'2024-05-04 14:26:01','2024-05-04 14:26:01'),
(1580,'土佐清水市','',39,'2024-05-04 14:26:01','2024-05-04 14:26:01'),
(1581,'四万十市','',39,'2024-05-04 14:26:01','2024-05-04 14:26:01'),
(1582,'香南市','',39,'2024-05-04 14:26:01','2024-05-04 14:26:01'),
(1583,'香美市','',39,'2024-05-04 14:26:01','2024-05-04 14:26:01'),
(1584,'安芸郡東洋町','',39,'2024-05-04 14:26:01','2024-05-04 14:26:01'),
(1585,'安芸郡奈半利町','',39,'2024-05-04 14:26:01','2024-05-04 14:26:01'),
(1586,'安芸郡田野町','',39,'2024-05-04 14:26:01','2024-05-04 14:26:01'),
(1587,'安芸郡安田町','',39,'2024-05-04 14:26:01','2024-05-04 14:26:01'),
(1588,'安芸郡北川村','',39,'2024-05-04 14:26:01','2024-05-04 14:26:01'),
(1589,'安芸郡馬路村','',39,'2024-05-04 14:26:01','2024-05-04 14:26:01'),
(1590,'安芸郡芸西村','',39,'2024-05-04 14:26:01','2024-05-04 14:26:01'),
(1591,'長岡郡本山町','',39,'2024-05-04 14:26:01','2024-05-04 14:26:01'),
(1592,'長岡郡大豊町','',39,'2024-05-04 14:26:01','2024-05-04 14:26:01'),
(1593,'土佐郡土佐町','',39,'2024-05-04 14:26:01','2024-05-04 14:26:01'),
(1594,'土佐郡大川村','',39,'2024-05-04 14:26:01','2024-05-04 14:26:01'),
(1595,'吾川郡いの町','',39,'2024-05-04 14:26:01','2024-05-04 14:26:01'),
(1596,'吾川郡仁淀川町','',39,'2024-05-04 14:26:01','2024-05-04 14:26:01'),
(1597,'高岡郡中土佐町','',39,'2024-05-04 14:26:01','2024-05-04 14:26:01'),
(1598,'高岡郡佐川町','',39,'2024-05-04 14:26:01','2024-05-04 14:26:01'),
(1599,'高岡郡越知町','',39,'2024-05-04 14:26:01','2024-05-04 14:26:01'),
(1600,'高岡郡檮原町','',39,'2024-05-04 14:26:01','2024-05-04 14:26:01'),
(1601,'高岡郡日高村','',39,'2024-05-04 14:26:01','2024-05-04 14:26:01'),
(1602,'高岡郡津野町','',39,'2024-05-04 14:26:01','2024-05-04 14:26:01'),
(1603,'高岡郡四万十町','',39,'2024-05-04 14:26:01','2024-05-04 14:26:01'),
(1604,'幡多郡大月町','',39,'2024-05-04 14:26:01','2024-05-04 14:26:01'),
(1605,'幡多郡三原村','',39,'2024-05-04 14:26:01','2024-05-04 14:26:01'),
(1606,'幡多郡黒潮町','',39,'2024-05-04 14:26:01','2024-05-04 14:26:01'),
(1607,'北九州市門司区','',40,'2024-05-04 14:26:01','2024-05-04 14:26:01'),
(1608,'北九州市若松区','',40,'2024-05-04 14:26:01','2024-05-04 14:26:01'),
(1609,'北九州市戸畑区','',40,'2024-05-04 14:26:01','2024-05-04 14:26:01'),
(1610,'北九州市小倉北区','',40,'2024-05-04 14:26:01','2024-05-04 14:26:01'),
(1611,'北九州市小倉南区','',40,'2024-05-04 14:26:01','2024-05-04 14:26:01'),
(1612,'北九州市八幡東区','',40,'2024-05-04 14:26:01','2024-05-04 14:26:01'),
(1613,'北九州市八幡西区','',40,'2024-05-04 14:26:01','2024-05-04 14:26:01'),
(1614,'福岡市東区','',40,'2024-05-04 14:26:01','2024-05-04 14:26:01'),
(1615,'福岡市博多区','',40,'2024-05-04 14:26:01','2024-05-04 14:26:01'),
(1616,'福岡市中央区','',40,'2024-05-04 14:26:01','2024-05-04 14:26:01'),
(1617,'福岡市南区','',40,'2024-05-04 14:26:01','2024-05-04 14:26:01'),
(1618,'福岡市西区','',40,'2024-05-04 14:26:01','2024-05-04 14:26:01'),
(1619,'福岡市城南区','',40,'2024-05-04 14:26:01','2024-05-04 14:26:01'),
(1620,'福岡市早良区','',40,'2024-05-04 14:26:01','2024-05-04 14:26:01'),
(1621,'大牟田市','',40,'2024-05-04 14:26:01','2024-05-04 14:26:01'),
(1622,'久留米市','',40,'2024-05-04 14:26:01','2024-05-04 14:26:01'),
(1623,'直方市','',40,'2024-05-04 14:26:01','2024-05-04 14:26:01'),
(1624,'飯塚市','',40,'2024-05-04 14:26:01','2024-05-04 14:26:01'),
(1625,'田川市','',40,'2024-05-04 14:26:01','2024-05-04 14:26:01'),
(1626,'柳川市','',40,'2024-05-04 14:26:01','2024-05-04 14:26:01'),
(1627,'八女市','',40,'2024-05-04 14:26:01','2024-05-04 14:26:01'),
(1628,'筑後市','',40,'2024-05-04 14:26:01','2024-05-04 14:26:01'),
(1629,'大川市','',40,'2024-05-04 14:26:01','2024-05-04 14:26:01'),
(1630,'行橋市','',40,'2024-05-04 14:26:01','2024-05-04 14:26:01'),
(1631,'豊前市','',40,'2024-05-04 14:26:01','2024-05-04 14:26:01'),
(1632,'中間市','',40,'2024-05-04 14:26:01','2024-05-04 14:26:01'),
(1633,'小郡市','',40,'2024-05-04 14:26:01','2024-05-04 14:26:01'),
(1634,'筑紫野市','',40,'2024-05-04 14:26:01','2024-05-04 14:26:01'),
(1635,'春日市','',40,'2024-05-04 14:26:01','2024-05-04 14:26:01'),
(1636,'大野城市','',40,'2024-05-04 14:26:01','2024-05-04 14:26:01'),
(1637,'宗像市','',40,'2024-05-04 14:26:01','2024-05-04 14:26:01'),
(1638,'太宰府市','',40,'2024-05-04 14:26:01','2024-05-04 14:26:01'),
(1639,'古賀市','',40,'2024-05-04 14:26:01','2024-05-04 14:26:01'),
(1640,'福津市','',40,'2024-05-04 14:26:01','2024-05-04 14:26:01'),
(1641,'うきは市','',40,'2024-05-04 14:26:01','2024-05-04 14:26:01'),
(1642,'宮若市','',40,'2024-05-04 14:26:01','2024-05-04 14:26:01'),
(1643,'嘉麻市','',40,'2024-05-04 14:26:01','2024-05-04 14:26:01'),
(1644,'朝倉市','',40,'2024-05-04 14:26:01','2024-05-04 14:26:01'),
(1645,'みやま市','',40,'2024-05-04 14:26:01','2024-05-04 14:26:01'),
(1646,'糸島市','',40,'2024-05-04 14:26:01','2024-05-04 14:26:01'),
(1647,'那珂川市','',40,'2024-05-04 14:26:01','2024-05-04 14:26:01'),
(1648,'糟屋郡宇美町','',40,'2024-05-04 14:26:01','2024-05-04 14:26:01'),
(1649,'糟屋郡篠栗町','',40,'2024-05-04 14:26:01','2024-05-04 14:26:01'),
(1650,'糟屋郡志免町','',40,'2024-05-04 14:26:01','2024-05-04 14:26:01'),
(1651,'糟屋郡須惠町','',40,'2024-05-04 14:26:01','2024-05-04 14:26:01'),
(1652,'糟屋郡新宮町','',40,'2024-05-04 14:26:01','2024-05-04 14:26:01'),
(1653,'糟屋郡久山町','',40,'2024-05-04 14:26:01','2024-05-04 14:26:01'),
(1654,'糟屋郡粕屋町','',40,'2024-05-04 14:26:01','2024-05-04 14:26:01'),
(1655,'遠賀郡芦屋町','',40,'2024-05-04 14:26:01','2024-05-04 14:26:01'),
(1656,'遠賀郡水巻町','',40,'2024-05-04 14:26:01','2024-05-04 14:26:01'),
(1657,'遠賀郡岡垣町','',40,'2024-05-04 14:26:01','2024-05-04 14:26:01'),
(1658,'遠賀郡遠賀町','',40,'2024-05-04 14:26:01','2024-05-04 14:26:01'),
(1659,'鞍手郡小竹町','',40,'2024-05-04 14:26:01','2024-05-04 14:26:01'),
(1660,'鞍手郡鞍手町','',40,'2024-05-04 14:26:01','2024-05-04 14:26:01'),
(1661,'嘉穂郡桂川町','',40,'2024-05-04 14:26:01','2024-05-04 14:26:01'),
(1662,'朝倉郡筑前町','',40,'2024-05-04 14:26:01','2024-05-04 14:26:01'),
(1663,'朝倉郡東峰村','',40,'2024-05-04 14:26:01','2024-05-04 14:26:01'),
(1664,'三井郡大刀洗町','',40,'2024-05-04 14:26:01','2024-05-04 14:26:01'),
(1665,'三潴郡大木町','',40,'2024-05-04 14:26:01','2024-05-04 14:26:01'),
(1666,'八女郡広川町','',40,'2024-05-04 14:26:01','2024-05-04 14:26:01'),
(1667,'田川郡香春町','',40,'2024-05-04 14:26:01','2024-05-04 14:26:01'),
(1668,'田川郡添田町','',40,'2024-05-04 14:26:01','2024-05-04 14:26:01'),
(1669,'田川郡糸田町','',40,'2024-05-04 14:26:01','2024-05-04 14:26:01'),
(1670,'田川郡川崎町','',40,'2024-05-04 14:26:01','2024-05-04 14:26:01'),
(1671,'田川郡大任町','',40,'2024-05-04 14:26:01','2024-05-04 14:26:01'),
(1672,'田川郡赤村','',40,'2024-05-04 14:26:01','2024-05-04 14:26:01'),
(1673,'田川郡福智町','',40,'2024-05-04 14:26:01','2024-05-04 14:26:01'),
(1674,'京都郡苅田町','',40,'2024-05-04 14:26:01','2024-05-04 14:26:01'),
(1675,'京都郡みやこ町','',40,'2024-05-04 14:26:01','2024-05-04 14:26:01'),
(1676,'築上郡吉富町','',40,'2024-05-04 14:26:01','2024-05-04 14:26:01'),
(1677,'築上郡上毛町','',40,'2024-05-04 14:26:01','2024-05-04 14:26:01'),
(1678,'築上郡築上町','',40,'2024-05-04 14:26:01','2024-05-04 14:26:01'),
(1679,'佐賀市','',41,'2024-05-04 14:26:01','2024-05-04 14:26:01'),
(1680,'唐津市','',41,'2024-05-04 14:26:01','2024-05-04 14:26:01'),
(1681,'鳥栖市','',41,'2024-05-04 14:26:01','2024-05-04 14:26:01'),
(1682,'多久市','',41,'2024-05-04 14:26:01','2024-05-04 14:26:01'),
(1683,'伊万里市','',41,'2024-05-04 14:26:01','2024-05-04 14:26:01'),
(1684,'武雄市','',41,'2024-05-04 14:26:01','2024-05-04 14:26:01'),
(1685,'鹿島市','',41,'2024-05-04 14:26:01','2024-05-04 14:26:01'),
(1686,'小城市','',41,'2024-05-04 14:26:01','2024-05-04 14:26:01'),
(1687,'嬉野市','',41,'2024-05-04 14:26:01','2024-05-04 14:26:01'),
(1688,'神埼市','',41,'2024-05-04 14:26:01','2024-05-04 14:26:01'),
(1689,'神埼郡吉野ヶ里町','',41,'2024-05-04 14:26:01','2024-05-04 14:26:01'),
(1690,'三養基郡基山町','',41,'2024-05-04 14:26:01','2024-05-04 14:26:01'),
(1691,'三養基郡上峰町','',41,'2024-05-04 14:26:01','2024-05-04 14:26:01'),
(1692,'三養基郡みやき町','',41,'2024-05-04 14:26:01','2024-05-04 14:26:01'),
(1693,'東松浦郡玄海町','',41,'2024-05-04 14:26:01','2024-05-04 14:26:01'),
(1694,'西松浦郡有田町','',41,'2024-05-04 14:26:01','2024-05-04 14:26:01'),
(1695,'杵島郡大町町','',41,'2024-05-04 14:26:01','2024-05-04 14:26:01'),
(1696,'杵島郡江北町','',41,'2024-05-04 14:26:01','2024-05-04 14:26:01'),
(1697,'杵島郡白石町','',41,'2024-05-04 14:26:01','2024-05-04 14:26:01'),
(1698,'藤津郡太良町','',41,'2024-05-04 14:26:01','2024-05-04 14:26:01'),
(1699,'長崎市','',42,'2024-05-04 14:26:01','2024-05-04 14:26:01'),
(1700,'佐世保市','',42,'2024-05-04 14:26:01','2024-05-04 14:26:01'),
(1701,'島原市','',42,'2024-05-04 14:26:01','2024-05-04 14:26:01'),
(1702,'諫早市','',42,'2024-05-04 14:26:01','2024-05-04 14:26:01'),
(1703,'大村市','',42,'2024-05-04 14:26:01','2024-05-04 14:26:01'),
(1704,'平戸市','',42,'2024-05-04 14:26:01','2024-05-04 14:26:01'),
(1705,'松浦市','',42,'2024-05-04 14:26:01','2024-05-04 14:26:01'),
(1706,'対馬市','',42,'2024-05-04 14:26:01','2024-05-04 14:26:01'),
(1707,'壱岐市','',42,'2024-05-04 14:26:01','2024-05-04 14:26:01'),
(1708,'五島市','',42,'2024-05-04 14:26:01','2024-05-04 14:26:01'),
(1709,'西海市','',42,'2024-05-04 14:26:01','2024-05-04 14:26:01'),
(1710,'雲仙市','',42,'2024-05-04 14:26:01','2024-05-04 14:26:01'),
(1711,'南島原市','',42,'2024-05-04 14:26:01','2024-05-04 14:26:01'),
(1712,'西彼杵郡長与町','',42,'2024-05-04 14:26:01','2024-05-04 14:26:01'),
(1713,'西彼杵郡時津町','',42,'2024-05-04 14:26:01','2024-05-04 14:26:01'),
(1714,'東彼杵郡東彼杵町','',42,'2024-05-04 14:26:01','2024-05-04 14:26:01'),
(1715,'東彼杵郡川棚町','',42,'2024-05-04 14:26:01','2024-05-04 14:26:01'),
(1716,'東彼杵郡波佐見町','',42,'2024-05-04 14:26:01','2024-05-04 14:26:01'),
(1717,'北松浦郡小値賀町','',42,'2024-05-04 14:26:01','2024-05-04 14:26:01'),
(1718,'北松浦郡佐々町','',42,'2024-05-04 14:26:01','2024-05-04 14:26:01'),
(1719,'南松浦郡新上五島町','',42,'2024-05-04 14:26:01','2024-05-04 14:26:01'),
(1720,'熊本市中央区','',43,'2024-05-04 14:26:01','2024-05-04 14:26:01'),
(1721,'熊本市東区','',43,'2024-05-04 14:26:01','2024-05-04 14:26:01'),
(1722,'熊本市西区','',43,'2024-05-04 14:26:01','2024-05-04 14:26:01'),
(1723,'熊本市南区','',43,'2024-05-04 14:26:01','2024-05-04 14:26:01'),
(1724,'熊本市北区','',43,'2024-05-04 14:26:01','2024-05-04 14:26:01'),
(1725,'八代市','',43,'2024-05-04 14:26:01','2024-05-04 14:26:01'),
(1726,'人吉市','',43,'2024-05-04 14:26:01','2024-05-04 14:26:01'),
(1727,'荒尾市','',43,'2024-05-04 14:26:01','2024-05-04 14:26:01'),
(1728,'水俣市','',43,'2024-05-04 14:26:01','2024-05-04 14:26:01'),
(1729,'玉名市','',43,'2024-05-04 14:26:01','2024-05-04 14:26:01'),
(1730,'山鹿市','',43,'2024-05-04 14:26:01','2024-05-04 14:26:01'),
(1731,'菊池市','',43,'2024-05-04 14:26:01','2024-05-04 14:26:01'),
(1732,'宇土市','',43,'2024-05-04 14:26:01','2024-05-04 14:26:01'),
(1733,'上天草市','',43,'2024-05-04 14:26:01','2024-05-04 14:26:01'),
(1734,'宇城市','',43,'2024-05-04 14:26:01','2024-05-04 14:26:01'),
(1735,'阿蘇市','',43,'2024-05-04 14:26:01','2024-05-04 14:26:01'),
(1736,'天草市','',43,'2024-05-04 14:26:01','2024-05-04 14:26:01'),
(1737,'合志市','',43,'2024-05-04 14:26:01','2024-05-04 14:26:01'),
(1738,'下益城郡美里町','',43,'2024-05-04 14:26:01','2024-05-04 14:26:01'),
(1739,'玉名郡玉東町','',43,'2024-05-04 14:26:01','2024-05-04 14:26:01'),
(1740,'玉名郡南関町','',43,'2024-05-04 14:26:01','2024-05-04 14:26:01'),
(1741,'玉名郡長洲町','',43,'2024-05-04 14:26:01','2024-05-04 14:26:01'),
(1742,'玉名郡和水町','',43,'2024-05-04 14:26:01','2024-05-04 14:26:01'),
(1743,'菊池郡大津町','',43,'2024-05-04 14:26:01','2024-05-04 14:26:01'),
(1744,'菊池郡菊陽町','',43,'2024-05-04 14:26:01','2024-05-04 14:26:01'),
(1745,'阿蘇郡南小国町','',43,'2024-05-04 14:26:01','2024-05-04 14:26:01'),
(1746,'阿蘇郡小国町','',43,'2024-05-04 14:26:01','2024-05-04 14:26:01'),
(1747,'阿蘇郡産山村','',43,'2024-05-04 14:26:01','2024-05-04 14:26:01'),
(1748,'阿蘇郡高森町','',43,'2024-05-04 14:26:01','2024-05-04 14:26:01'),
(1749,'阿蘇郡西原村','',43,'2024-05-04 14:26:01','2024-05-04 14:26:01'),
(1750,'阿蘇郡南阿蘇村','',43,'2024-05-04 14:26:01','2024-05-04 14:26:01'),
(1751,'上益城郡御船町','',43,'2024-05-04 14:26:01','2024-05-04 14:26:01'),
(1752,'上益城郡嘉島町','',43,'2024-05-04 14:26:01','2024-05-04 14:26:01'),
(1753,'上益城郡益城町','',43,'2024-05-04 14:26:01','2024-05-04 14:26:01'),
(1754,'上益城郡甲佐町','',43,'2024-05-04 14:26:01','2024-05-04 14:26:01'),
(1755,'上益城郡山都町','',43,'2024-05-04 14:26:01','2024-05-04 14:26:01'),
(1756,'八代郡氷川町','',43,'2024-05-04 14:26:01','2024-05-04 14:26:01'),
(1757,'葦北郡芦北町','',43,'2024-05-04 14:26:01','2024-05-04 14:26:01'),
(1758,'葦北郡津奈木町','',43,'2024-05-04 14:26:01','2024-05-04 14:26:01'),
(1759,'球磨郡錦町','',43,'2024-05-04 14:26:01','2024-05-04 14:26:01'),
(1760,'球磨郡多良木町','',43,'2024-05-04 14:26:01','2024-05-04 14:26:01'),
(1761,'球磨郡湯前町','',43,'2024-05-04 14:26:01','2024-05-04 14:26:01'),
(1762,'球磨郡水上村','',43,'2024-05-04 14:26:01','2024-05-04 14:26:01'),
(1763,'球磨郡相良村','',43,'2024-05-04 14:26:01','2024-05-04 14:26:01'),
(1764,'球磨郡五木村','',43,'2024-05-04 14:26:01','2024-05-04 14:26:01'),
(1765,'球磨郡山江村','',43,'2024-05-04 14:26:01','2024-05-04 14:26:01'),
(1766,'球磨郡球磨村','',43,'2024-05-04 14:26:01','2024-05-04 14:26:01'),
(1767,'球磨郡あさぎり町','',43,'2024-05-04 14:26:01','2024-05-04 14:26:01'),
(1768,'天草郡苓北町','',43,'2024-05-04 14:26:01','2024-05-04 14:26:01'),
(1769,'大分市','',44,'2024-05-04 14:26:01','2024-05-04 14:26:01'),
(1770,'別府市','',44,'2024-05-04 14:26:01','2024-05-04 14:26:01'),
(1771,'中津市','',44,'2024-05-04 14:26:01','2024-05-04 14:26:01'),
(1772,'日田市','',44,'2024-05-04 14:26:01','2024-05-04 14:26:01'),
(1773,'佐伯市','',44,'2024-05-04 14:26:01','2024-05-04 14:26:01'),
(1774,'臼杵市','',44,'2024-05-04 14:26:01','2024-05-04 14:26:01'),
(1775,'津久見市','',44,'2024-05-04 14:26:01','2024-05-04 14:26:01'),
(1776,'竹田市','',44,'2024-05-04 14:26:01','2024-05-04 14:26:01'),
(1777,'豊後高田市','',44,'2024-05-04 14:26:01','2024-05-04 14:26:01'),
(1778,'杵築市','',44,'2024-05-04 14:26:01','2024-05-04 14:26:01'),
(1779,'宇佐市','',44,'2024-05-04 14:26:01','2024-05-04 14:26:01'),
(1780,'豊後大野市','',44,'2024-05-04 14:26:01','2024-05-04 14:26:01'),
(1781,'由布市','',44,'2024-05-04 14:26:01','2024-05-04 14:26:01'),
(1782,'国東市','',44,'2024-05-04 14:26:01','2024-05-04 14:26:01'),
(1783,'東国東郡姫島村','',44,'2024-05-04 14:26:01','2024-05-04 14:26:01'),
(1784,'速見郡日出町','',44,'2024-05-04 14:26:01','2024-05-04 14:26:01'),
(1785,'玖珠郡九重町','',44,'2024-05-04 14:26:01','2024-05-04 14:26:01'),
(1786,'玖珠郡玖珠町','',44,'2024-05-04 14:26:01','2024-05-04 14:26:01'),
(1787,'宮崎市','',45,'2024-05-04 14:26:01','2024-05-04 14:26:01'),
(1788,'都城市','',45,'2024-05-04 14:26:01','2024-05-04 14:26:01'),
(1789,'延岡市','',45,'2024-05-04 14:26:01','2024-05-04 14:26:01'),
(1790,'日南市','',45,'2024-05-04 14:26:01','2024-05-04 14:26:01'),
(1791,'小林市','',45,'2024-05-04 14:26:01','2024-05-04 14:26:01'),
(1792,'日向市','',45,'2024-05-04 14:26:01','2024-05-04 14:26:01'),
(1793,'串間市','',45,'2024-05-04 14:26:01','2024-05-04 14:26:01'),
(1794,'西都市','',45,'2024-05-04 14:26:01','2024-05-04 14:26:01'),
(1795,'えびの市','',45,'2024-05-04 14:26:01','2024-05-04 14:26:01'),
(1796,'北諸県郡三股町','',45,'2024-05-04 14:26:01','2024-05-04 14:26:01'),
(1797,'西諸県郡高原町','',45,'2024-05-04 14:26:01','2024-05-04 14:26:01'),
(1798,'東諸県郡国富町','',45,'2024-05-04 14:26:01','2024-05-04 14:26:01'),
(1799,'東諸県郡綾町','',45,'2024-05-04 14:26:01','2024-05-04 14:26:01'),
(1800,'児湯郡高鍋町','',45,'2024-05-04 14:26:01','2024-05-04 14:26:01'),
(1801,'児湯郡新富町','',45,'2024-05-04 14:26:01','2024-05-04 14:26:01'),
(1802,'児湯郡西米良村','',45,'2024-05-04 14:26:01','2024-05-04 14:26:01'),
(1803,'児湯郡木城町','',45,'2024-05-04 14:26:01','2024-05-04 14:26:01'),
(1804,'児湯郡川南町','',45,'2024-05-04 14:26:01','2024-05-04 14:26:01'),
(1805,'児湯郡都農町','',45,'2024-05-04 14:26:01','2024-05-04 14:26:01'),
(1806,'東臼杵郡門川町','',45,'2024-05-04 14:26:01','2024-05-04 14:26:01'),
(1807,'東臼杵郡諸塚村','',45,'2024-05-04 14:26:01','2024-05-04 14:26:01'),
(1808,'東臼杵郡椎葉村','',45,'2024-05-04 14:26:01','2024-05-04 14:26:01'),
(1809,'東臼杵郡美郷町','',45,'2024-05-04 14:26:01','2024-05-04 14:26:01'),
(1810,'西臼杵郡高千穂町','',45,'2024-05-04 14:26:01','2024-05-04 14:26:01'),
(1811,'西臼杵郡日之影町','',45,'2024-05-04 14:26:01','2024-05-04 14:26:01'),
(1812,'西臼杵郡五ヶ瀬町','',45,'2024-05-04 14:26:01','2024-05-04 14:26:01'),
(1813,'鹿児島市','',46,'2024-05-04 14:26:01','2024-05-04 14:26:01'),
(1814,'鹿屋市','',46,'2024-05-04 14:26:01','2024-05-04 14:26:01'),
(1815,'枕崎市','',46,'2024-05-04 14:26:01','2024-05-04 14:26:01'),
(1816,'阿久根市','',46,'2024-05-04 14:26:01','2024-05-04 14:26:01'),
(1817,'出水市','',46,'2024-05-04 14:26:01','2024-05-04 14:26:01'),
(1818,'指宿市','',46,'2024-05-04 14:26:01','2024-05-04 14:26:01'),
(1819,'西之表市','',46,'2024-05-04 14:26:01','2024-05-04 14:26:01'),
(1820,'垂水市','',46,'2024-05-04 14:26:01','2024-05-04 14:26:01'),
(1821,'薩摩川内市','',46,'2024-05-04 14:26:01','2024-05-04 14:26:01'),
(1822,'日置市','',46,'2024-05-04 14:26:01','2024-05-04 14:26:01'),
(1823,'曽於市','',46,'2024-05-04 14:26:01','2024-05-04 14:26:01'),
(1824,'霧島市','',46,'2024-05-04 14:26:01','2024-05-04 14:26:01'),
(1825,'いちき串木野市','',46,'2024-05-04 14:26:01','2024-05-04 14:26:01'),
(1826,'南さつま市','',46,'2024-05-04 14:26:01','2024-05-04 14:26:01'),
(1827,'志布志市','',46,'2024-05-04 14:26:01','2024-05-04 14:26:01'),
(1828,'奄美市','',46,'2024-05-04 14:26:01','2024-05-04 14:26:01'),
(1829,'南九州市','',46,'2024-05-04 14:26:01','2024-05-04 14:26:01'),
(1830,'伊佐市','',46,'2024-05-04 14:26:01','2024-05-04 14:26:01'),
(1831,'姶良市','',46,'2024-05-04 14:26:01','2024-05-04 14:26:01'),
(1832,'鹿児島郡三島村','',46,'2024-05-04 14:26:01','2024-05-04 14:26:01'),
(1833,'鹿児島郡十島村','',46,'2024-05-04 14:26:01','2024-05-04 14:26:01'),
(1834,'薩摩郡さつま町','',46,'2024-05-04 14:26:01','2024-05-04 14:26:01'),
(1835,'出水郡長島町','',46,'2024-05-04 14:26:01','2024-05-04 14:26:01'),
(1836,'姶良郡湧水町','',46,'2024-05-04 14:26:01','2024-05-04 14:26:01'),
(1837,'曽於郡大崎町','',46,'2024-05-04 14:26:01','2024-05-04 14:26:01'),
(1838,'肝属郡東串良町','',46,'2024-05-04 14:26:01','2024-05-04 14:26:01'),
(1839,'肝属郡錦江町','',46,'2024-05-04 14:26:01','2024-05-04 14:26:01'),
(1840,'肝属郡南大隅町','',46,'2024-05-04 14:26:01','2024-05-04 14:26:01'),
(1841,'肝属郡肝付町','',46,'2024-05-04 14:26:01','2024-05-04 14:26:01'),
(1842,'熊毛郡中種子町','',46,'2024-05-04 14:26:01','2024-05-04 14:26:01'),
(1843,'熊毛郡南種子町','',46,'2024-05-04 14:26:01','2024-05-04 14:26:01'),
(1844,'熊毛郡屋久島町','',46,'2024-05-04 14:26:01','2024-05-04 14:26:01'),
(1845,'大島郡大和村','',46,'2024-05-04 14:26:01','2024-05-04 14:26:01'),
(1846,'大島郡宇検村','',46,'2024-05-04 14:26:01','2024-05-04 14:26:01'),
(1847,'大島郡瀬戸内町','',46,'2024-05-04 14:26:01','2024-05-04 14:26:01'),
(1848,'大島郡龍郷町','',46,'2024-05-04 14:26:01','2024-05-04 14:26:01'),
(1849,'大島郡喜界町','',46,'2024-05-04 14:26:01','2024-05-04 14:26:01'),
(1850,'大島郡徳之島町','',46,'2024-05-04 14:26:01','2024-05-04 14:26:01'),
(1851,'大島郡天城町','',46,'2024-05-04 14:26:01','2024-05-04 14:26:01'),
(1852,'大島郡伊仙町','',46,'2024-05-04 14:26:01','2024-05-04 14:26:01'),
(1853,'大島郡和泊町','',46,'2024-05-04 14:26:01','2024-05-04 14:26:01'),
(1854,'大島郡知名町','',46,'2024-05-04 14:26:01','2024-05-04 14:26:01'),
(1855,'大島郡与論町','',46,'2024-05-04 14:26:01','2024-05-04 14:26:01'),
(1856,'那覇市','',47,'2024-05-04 14:26:01','2024-05-04 14:26:01'),
(1857,'宜野湾市','',47,'2024-05-04 14:26:01','2024-05-04 14:26:01'),
(1858,'石垣市','',47,'2024-05-04 14:26:01','2024-05-04 14:26:01'),
(1859,'浦添市','',47,'2024-05-04 14:26:01','2024-05-04 14:26:01'),
(1860,'名護市','',47,'2024-05-04 14:26:01','2024-05-04 14:26:01'),
(1861,'糸満市','',47,'2024-05-04 14:26:01','2024-05-04 14:26:01'),
(1862,'沖縄市','',47,'2024-05-04 14:26:01','2024-05-04 14:26:01'),
(1863,'豊見城市','',47,'2024-05-04 14:26:01','2024-05-04 14:26:01'),
(1864,'うるま市','',47,'2024-05-04 14:26:01','2024-05-04 14:26:01'),
(1865,'宮古島市','',47,'2024-05-04 14:26:01','2024-05-04 14:26:01'),
(1866,'南城市','',47,'2024-05-04 14:26:01','2024-05-04 14:26:01'),
(1867,'国頭郡国頭村','',47,'2024-05-04 14:26:01','2024-05-04 14:26:01'),
(1868,'国頭郡大宜味村','',47,'2024-05-04 14:26:01','2024-05-04 14:26:01'),
(1869,'国頭郡東村','',47,'2024-05-04 14:26:01','2024-05-04 14:26:01'),
(1870,'国頭郡今帰仁村','',47,'2024-05-04 14:26:01','2024-05-04 14:26:01'),
(1871,'国頭郡本部町','',47,'2024-05-04 14:26:01','2024-05-04 14:26:01'),
(1872,'国頭郡恩納村','',47,'2024-05-04 14:26:01','2024-05-04 14:26:01'),
(1873,'国頭郡宜野座村','',47,'2024-05-04 14:26:01','2024-05-04 14:26:01'),
(1874,'国頭郡金武町','',47,'2024-05-04 14:26:01','2024-05-04 14:26:01'),
(1875,'国頭郡伊江村','',47,'2024-05-04 14:26:01','2024-05-04 14:26:01'),
(1876,'中頭郡読谷村','',47,'2024-05-04 14:26:01','2024-05-04 14:26:01'),
(1877,'中頭郡嘉手納町','',47,'2024-05-04 14:26:01','2024-05-04 14:26:01'),
(1878,'中頭郡北谷町','',47,'2024-05-04 14:26:01','2024-05-04 14:26:01'),
(1879,'中頭郡北中城村','',47,'2024-05-04 14:26:01','2024-05-04 14:26:01'),
(1880,'中頭郡中城村','',47,'2024-05-04 14:26:01','2024-05-04 14:26:01'),
(1881,'中頭郡西原町','',47,'2024-05-04 14:26:01','2024-05-04 14:26:01'),
(1882,'島尻郡与那原町','',47,'2024-05-04 14:26:01','2024-05-04 14:26:01'),
(1883,'島尻郡南風原町','',47,'2024-05-04 14:26:01','2024-05-04 14:26:01'),
(1884,'島尻郡渡嘉敷村','',47,'2024-05-04 14:26:01','2024-05-04 14:26:01'),
(1885,'島尻郡座間味村','',47,'2024-05-04 14:26:01','2024-05-04 14:26:01'),
(1886,'島尻郡粟国村','',47,'2024-05-04 14:26:01','2024-05-04 14:26:01'),
(1887,'島尻郡渡名喜村','',47,'2024-05-04 14:26:01','2024-05-04 14:26:01'),
(1888,'島尻郡南大東村','',47,'2024-05-04 14:26:01','2024-05-04 14:26:01'),
(1889,'島尻郡北大東村','',47,'2024-05-04 14:26:01','2024-05-04 14:26:01'),
(1890,'島尻郡伊平屋村','',47,'2024-05-04 14:26:01','2024-05-04 14:26:01'),
(1891,'島尻郡伊是名村','',47,'2024-05-04 14:26:01','2024-05-04 14:26:01'),
(1892,'島尻郡久米島町','',47,'2024-05-04 14:26:01','2024-05-04 14:26:01'),
(1893,'島尻郡八重瀬町','',47,'2024-05-04 14:26:01','2024-05-04 14:26:01'),
(1894,'宮古郡多良間村','',47,'2024-05-04 14:26:01','2024-05-04 14:26:01'),
(1895,'八重山郡竹富町','',47,'2024-05-04 14:26:01','2024-05-04 14:26:01'),
(1896,'八重山郡与那国町','',47,'2024-05-04 14:26:01','2024-05-04 14:26:01');

/*Table structure for table `tbl_prefecture_region` */

DROP TABLE IF EXISTS `tbl_prefecture_region`;

CREATE TABLE `tbl_prefecture_region` (
  `id` int(10) unsigned NOT NULL AUTO_INCREMENT,
  `name` varchar(255) NOT NULL,
  `en_name` varchar(255) NOT NULL,
  `main_id` int(10) unsigned NOT NULL,
  `created_at` timestamp NOT NULL DEFAULT current_timestamp(),
  `updated_at` timestamp NOT NULL DEFAULT current_timestamp() ON UPDATE current_timestamp(),
  PRIMARY KEY (`id`)
) ENGINE=InnoDB AUTO_INCREMENT=60 DEFAULT CHARSET=utf8mb4 COLLATE=utf8mb4_unicode_ci;

/*Data for the table `tbl_prefecture_region` */

insert  into `tbl_prefecture_region`(`id`,`name`,`en_name`,`main_id`,`created_at`,`updated_at`) values 
(1,'北海道','hokkaido',1,'2024-05-04 14:27:05','2024-05-04 14:27:05'),
(2,'青森県','aomori',1,'2024-05-04 14:27:05','2024-05-04 14:27:05'),
(3,'岩手県','iwate',1,'2024-05-04 14:27:05','2024-05-04 14:27:05'),
(4,'宮城県','miyagi',1,'2024-05-04 14:27:05','2024-05-04 14:27:05'),
(5,'秋田県','akita',1,'2024-05-04 14:27:05','2024-05-04 14:27:05'),
(6,'山形県','yamagata',1,'2024-05-04 14:27:05','2024-05-04 14:27:05'),
(7,'福島県','fukushima',1,'2024-05-04 14:27:05','2024-05-04 14:27:05'),
(8,'茨城県','ibaraki',2,'2024-05-04 14:27:05','2024-05-04 14:29:54'),
(9,'栃木県','tochigi',2,'2024-05-04 14:27:05','2024-05-04 14:29:55'),
(10,'群馬県','gunma',2,'2024-05-04 14:27:05','2024-05-04 14:29:57'),
(11,'埼玉県','saitama',2,'2024-05-04 14:27:05','2024-05-04 14:29:59'),
(12,'千葉県','chiba',2,'2024-05-04 14:27:05','2024-05-04 14:30:00'),
(13,'東京都','tokyo',2,'2024-05-04 14:27:05','2024-05-04 14:30:02'),
(14,'神奈川県','kanagawa',2,'2024-05-04 14:27:05','2024-05-04 14:30:04'),
(15,'新潟県','niigata',3,'2024-05-04 14:27:05','2024-05-04 14:30:06'),
(16,'富山県','toyama',3,'2024-05-04 14:27:05','2024-05-04 14:30:08'),
(17,'石川県','ishikawa',3,'2024-05-04 14:27:05','2024-05-04 14:30:11'),
(18,'福井県','fukui',3,'2024-05-04 14:27:05','2024-05-04 14:30:14'),
(19,'山梨県','yamanashi',3,'2024-05-04 14:27:05','2024-05-04 14:30:20'),
(20,'長野県','nagano',3,'2024-05-04 14:27:05','2024-05-04 14:30:21'),
(21,'岐阜県','gifu',4,'2024-05-04 14:27:05','2024-05-04 14:30:22'),
(22,'静岡県','shizuoka',4,'2024-05-04 14:27:05','2024-05-04 14:30:24'),
(23,'愛知県','aichi',4,'2024-05-04 14:27:05','2024-05-04 14:30:25'),
(24,'三重県','mie',4,'2024-05-04 14:27:05','2024-05-04 14:30:27'),
(25,'滋賀県','shiga',5,'2024-05-04 14:27:05','2024-05-04 14:30:29'),
(26,'京都府','kyoto',5,'2024-05-04 14:27:05','2024-05-04 14:30:32'),
(27,'大阪府','osaka',5,'2024-05-04 14:27:05','2024-05-04 14:30:35'),
(28,'兵庫県','hyogo',5,'2024-05-04 14:27:05','2024-05-04 14:30:36'),
(29,'奈良県','nara',5,'2024-05-04 14:27:05','2024-05-04 14:30:37'),
(30,'和歌山県','wakayama',5,'2024-05-04 14:27:05','2024-05-04 14:30:39'),
(31,'鳥取県','tottori',6,'2024-05-04 14:27:05','2024-05-04 14:30:41'),
(32,'島根県','shimane',6,'2024-05-04 14:27:05','2024-05-04 14:30:43'),
(33,'岡山県','okayama',6,'2024-05-04 14:27:05','2024-05-04 14:30:44'),
(34,'広島県','hiroshima',6,'2024-05-04 14:27:05','2024-05-04 14:30:51'),
(35,'山口県','yamaguchi',6,'2024-05-04 14:27:05','2024-05-04 14:30:53'),
(36,'徳島県','tokushima',6,'2024-05-04 14:27:05','2024-05-04 14:30:55'),
(37,'香川県','kagawa',6,'2024-05-04 14:27:05','2024-05-04 14:30:56'),
(38,'愛媛県','ehime',6,'2024-05-04 14:27:05','2024-05-04 14:30:58'),
(39,'高知県','kochi',6,'2024-05-04 14:27:05','2024-05-04 14:30:59'),
(40,'福岡県','fukuoka',7,'2024-05-04 14:27:05','2024-05-04 14:31:01'),
(41,'佐賀県','saga',7,'2024-05-04 14:27:05','2024-05-04 14:31:03'),
(42,'長崎県','nagasaki',7,'2024-05-04 14:27:05','2024-05-04 14:31:04'),
(43,'熊本県','kumamoto',7,'2024-05-04 14:27:05','2024-05-04 14:31:05'),
(44,'大分県','oita',7,'2024-05-04 14:27:05','2024-05-04 14:31:07'),
(45,'宮崎県','miyazaki',7,'2024-05-04 14:27:05','2024-05-04 14:31:08'),
(46,'鹿児島県','kagoshima',7,'2024-05-04 14:27:05','2024-05-04 14:31:09'),
(47,'沖縄県','okinawa',7,'2024-05-04 14:27:05','2024-05-04 14:31:11');

/*Table structure for table `users` */

DROP TABLE IF EXISTS `users`;

CREATE TABLE `users` (
  `id` int(10) unsigned NOT NULL AUTO_INCREMENT,
  `name` varchar(255) NOT NULL,
  `email` varchar(255) NOT NULL,
  `email_verified_at` date DEFAULT NULL,
  `password` varchar(255) NOT NULL,
  `remember_token` varchar(255) DEFAULT NULL,
  `role` enum('0','1') DEFAULT NULL,
  `created_at` timestamp NOT NULL DEFAULT current_timestamp() ON UPDATE current_timestamp(),
  `updated_at` timestamp NULL DEFAULT NULL,
  PRIMARY KEY (`id`)
) ENGINE=InnoDB AUTO_INCREMENT=4 DEFAULT CHARSET=utf8 COLLATE=utf8_general_ci;

/*Data for the table `users` */

insert  into `users`(`id`,`name`,`email`,`email_verified_at`,`password`,`remember_token`,`role`,`created_at`,`updated_at`) values 
(1,'Bolt','moonrider.dev07@gmail.com',NULL,'$2y$12$RKFv/oXtGIl2nyCvNiFHa.k1X73wnH9ECh4axqV2YUk.ZiEwElFpu',NULL,'1','2024-05-11 13:06:49','2024-05-07 15:54:27'),
(2,'user','user@gmail.com',NULL,'$2y$12$k6DIYrI6WOtBAm88qwowjem/ldFuaa71YVR8A5b947krmIq7hXzRm',NULL,'0','2024-05-11 13:24:29','2024-05-11 13:23:48');

/*!40101 SET SQL_MODE=@OLD_SQL_MODE */;
/*!40014 SET FOREIGN_KEY_CHECKS=@OLD_FOREIGN_KEY_CHECKS */;
/*!40014 SET UNIQUE_CHECKS=@OLD_UNIQUE_CHECKS */;
/*!40111 SET SQL_NOTES=@OLD_SQL_NOTES */;
